,0,1,2,3,4,5,6,7,8,9,10,11,12,13,14,15,16,17,18,19,20,21,22,23,24,25,26,27,28,29,30,31
0,0.4898366,-0.2908615,-0.008165795,0.42367625,-0.18775615,0.256608,-0.77082664,-0.12138836,0.040196836,1.1528434,0.6459854,0.34623227,0.28630856,-0.004307024,-0.5495187,-0.025733124,-0.16449103,-0.27742085,-0.45613664,-1.0380064,0.25629383,0.293014,0.7434385,-0.44501558,-0.07196409,-0.40074283,-0.6058493,-0.2383332,0.47689873,0.13226104,1.3819076,1.1763767
1,0.65545857,-0.2733428,0.034561943,0.43271622,-0.19052847,0.31528905,-0.93270177,-0.10099164,0.10912076,1.1866401,0.7419718,0.47393358,0.3626886,-0.04444083,-0.7436133,-0.039066758,-0.09700635,-0.287323,-0.43639454,-1.0119532,0.18780121,0.19713771,0.90542036,-0.5369181,-0.06775508,-0.34085378,-0.7152661,-0.10397574,0.3788107,0.13298902,1.6119562,1.3162674
2,0.51566875,-0.2982707,-0.0077099316,0.4400682,-0.19522029,0.26599535,-0.79986566,-0.124173015,0.05211459,1.1852067,0.66724235,0.36508584,0.29977912,-0.010441147,-0.57797134,-0.027849112,-0.1630285,-0.28364205,-0.462656,-1.0639024,0.25079837,0.29438564,0.7737367,-0.45849827,-0.06541999,-0.4046504,-0.6273543,-0.23442277,0.48299843,0.13593385,1.4316566,1.2116154
3,0.42956924,-0.24183482,-0.004309524,0.37271336,-0.15652584,0.2355749,-0.69499177,-0.10329495,0.022712797,1.0440289,0.5928874,0.3188127,0.24852684,-0.0021896958,-0.49219596,-0.028681163,-0.14655395,-0.25365275,-0.42160016,-0.92928046,0.24946928,0.26179093,0.6664432,-0.4210285,-0.08610548,-0.37146008,-0.5520812,-0.22095351,0.43271,0.11513174,1.2466601,1.075343
4,0.5709613,-0.2225194,0.037826505,0.3874559,-0.15766393,0.28816783,-0.84051293,-0.08624573,0.08782547,1.091051,0.68413264,0.43590117,0.30396318,-0.041375183,-0.6641538,-0.046522435,-0.08095968,-0.2639953,-0.40557733,-0.90378135,0.18458459,0.18286712,0.81290853,-0.5039087,-0.084095694,-0.32762533,-0.65256596,-0.103063464,0.34821332,0.122396,1.4539312,1.2101142
5,0.51585376,-0.2897141,-0.0058995,0.43653604,-0.19153969,0.26682094,-0.79835683,-0.12099455,0.054640904,1.1768404,0.6672047,0.37046924,0.29794028,-0.013896354,-0.58176076,-0.029796135,-0.1562675,-0.28089967,-0.45728344,-1.0502663,0.24507782,0.28676495,0.7731157,-0.46075818,-0.06612655,-0.39961034,-0.6266391,-0.22681691,0.47441137,0.13490412,1.4273258,1.2077607
6,0.59399986,-0.22093062,0.05065761,0.3773413,-0.15532131,0.2930386,-0.8615732,-0.080792025,0.09328428,1.0797621,0.69006425,0.44479397,0.31234685,-0.04136414,-0.68594515,-0.046512585,-0.0721086,-0.2649645,-0.40110648,-0.8847276,0.17911041,0.1616424,0.8321304,-0.51587105,-0.08874068,-0.31240278,-0.66567665,-0.075023,0.3218524,0.11887669,1.4787225,1.2231976
7,0.7293281,-0.30214736,0.046909448,0.44456622,-0.20693515,0.33498174,-1.0072458,-0.10192935,0.12444161,1.2225589,0.7782907,0.5032407,0.40968034,-0.045459278,-0.81278485,-0.03367724,-0.09717466,-0.30087352,-0.44835043,-1.0515553,0.18580773,0.17901632,0.9775632,-0.56805676,-0.06355771,-0.32812998,-0.7632344,-0.07212727,0.36634308,0.13335475,1.728118,1.3884046
8,0.5050863,-0.2678603,-0.0016324185,0.4214588,-0.18006594,0.26440617,-0.78263193,-0.11276558,0.05514756,1.1444505,0.65771276,0.37373632,0.28774017,-0.01863473,-0.57734364,-0.03358091,-0.14215784,-0.27240366,-0.4427737,-1.0086126,0.23516306,0.26931876,0.75840634,-0.45988736,-0.07052497,-0.3867644,-0.6158714,-0.21140765,0.4526047,0.13076398,1.3964787,1.1841332
9,0.60119444,-0.25147614,0.028134014,0.41830626,-0.1771509,0.29875067,-0.87581486,-0.09804647,0.09577988,1.1511084,0.7111437,0.44873917,0.32865086,-0.041856043,-0.6907498,-0.0423238,-0.097115174,-0.2763691,-0.42648643,-0.9750945,0.19159395,0.20515373,0.8504179,-0.51384974,-0.07224183,-0.3456371,-0.67813987,-0.12313916,0.38256747,0.1298683,1.5228832,1.2593946
10,0.51259214,-0.22608356,0.01562507,0.39528438,-0.15921289,0.26974326,-0.7832808,-0.09485972,0.06766836,1.0926598,0.6566699,0.3998442,0.27984378,-0.03358873,-0.60103244,-0.04350559,-0.10420193,-0.25992915,-0.413448,-0.9267266,0.20487195,0.22245994,0.7588199,-0.47301722,-0.07918956,-0.35416627,-0.6154774,-0.15931888,0.39495903,0.12426732,1.379125,1.1660843
11,0.57164276,-0.35847434,-0.013918478,0.49057856,-0.22986875,0.28225645,-0.8722233,-0.14519559,0.06391628,1.2915776,0.71077126,0.3761048,0.33883026,-0.006193392,-0.62060994,-0.021597978,-0.19310051,-0.31078523,-0.5029632,-1.1840149,0.26560256,0.3320911,0.8420618,-0.47643784,-0.04816077,-0.43659088,-0.67642504,-0.2616412,0.5356136,0.14795601,1.5588919,1.3053607
12,0.5995504,-0.20374587,0.07364431,0.3442972,-0.14171402,0.28752086,-0.8619264,-0.06719451,0.09231263,1.0275339,0.67607623,0.43868655,0.30384547,-0.03812132,-0.6872202,-0.047188524,-0.056953337,-0.25957954,-0.38642836,-0.81850225,0.17335528,0.12443495,0.8295988,-0.5218816,-0.10121497,-0.28521562,-0.6640081,-0.033332996,0.27120668,0.10735612,1.4608592,1.2070543
13,0.5415509,-0.20117703,0.042630967,0.36582735,-0.1435566,0.27747852,-0.8075871,-0.0784381,0.08006016,1.0464859,0.66041535,0.42135057,0.28223708,-0.04070688,-0.6363706,-0.04959582,-0.071940616,-0.25445002,-0.39139643,-0.85340565,0.18118453,0.1708422,0.7784831,-0.4930239,-0.091267794,-0.31754726,-0.62900186,-0.09551211,0.32880348,0.11609668,1.3935957,1.1683747
14,0.43798125,-0.2658449,-0.0077258237,0.38399187,-0.16801517,0.23788059,-0.7093152,-0.111855745,0.018382281,1.071847,0.6004521,0.31204796,0.25816777,0.005008444,-0.49439996,-0.02219576,-0.16096044,-0.26167613,-0.43621874,-0.9682722,0.26043677,0.27954823,0.6793787,-0.4193359,-0.08556671,-0.38454348,-0.56035864,-0.23694195,0.4525184,0.121357255,1.2719115,1.0957872
15,0.3986543,-0.24960864,-0.008478973,0.35071,-0.15359174,0.2232491,-0.6621285,-0.105213806,-0.00029477477,1.00464,0.56295156,0.28138304,0.23855588,0.014475502,-0.44937804,-0.016185094,-0.16148363,-0.25030175,-0.42209157,-0.9160761,0.26412466,0.2686029,0.6288958,-0.39744046,-0.0964204,-0.37106115,-0.5242731,-0.23745875,0.4326967,0.11179585,1.1827048,1.029131
16,0.3804975,-0.23260885,-0.0075123794,0.33470038,-0.14334558,0.21681714,-0.63847667,-0.09871055,-0.0051118135,0.9677817,0.545534,0.27371076,0.2272282,0.013550296,-0.4331218,-0.01645467,-0.15429142,-0.24206266,-0.40943784,-0.87953615,0.25923762,0.25657994,0.60491544,-0.39035815,-0.10032014,-0.36005524,-0.507025,-0.23022468,0.41692966,0.10586012,1.1388198,0.9957328
17,0.55017805,-0.34194162,2.2720165,-0.61021024,1.4866583,-1.9184337,-1.7253792,-0.91944474,-0.5774554,-2.104712,-0.7176732,-0.50505245,0.18047166,0.8273942,0.5690618,-0.48334607,0.15418676,-0.72973835,-0.58553547,2.3607116,-0.15786457,-0.27166346,0.34827408,-0.48350307,-0.5380683,2.305267,-0.8255993,2.650556,-2.8391504,-0.42995903,0.33000922,1.7538742
18,0.52314496,-0.3355825,-0.012829248,0.4559655,-0.21162578,0.26575255,-0.8156268,-0.13727689,0.04465565,1.2244574,0.6725885,0.34755567,0.31105822,0.0027548596,-0.5707553,-0.020477142,-0.1893215,-0.2965886,-0.48581594,-1.1221393,0.27201924,0.32309544,0.7847876,-0.45307398,-0.06214395,-0.42471975,-0.6362072,-0.26142776,0.5157139,0.14083967,1.4624754,1.2362207
19,0.5360754,-0.37103894,-0.015386451,0.47101238,-0.227248,0.2680771,-0.8374,-0.14912379,0.040310785,1.2634577,0.6813491,0.3350554,0.32397905,0.0141581595,-0.56997895,-0.014798831,-0.21216072,-0.30982274,-0.5076893,-1.1758971,0.28948087,0.34678262,0.80086595,-0.450957,-0.058651082,-0.44246095,-0.64884025,-0.28246817,0.5429202,0.14548567,1.5000414,1.2648062
20,0.47182545,-0.2869043,-0.009011846,0.4112446,-0.18264456,0.24941185,-0.749893,-0.120030954,0.031613335,1.1293608,0.6302226,0.33111852,0.27749702,0.0016761348,-0.52703726,-0.024052773,-0.16800365,-0.27391887,-0.45271444,-1.0216018,0.262225,0.2927648,0.7209222,-0.43466008,-0.07609085,-0.39770812,-0.5907727,-0.2421054,0.47320116,0.12821579,1.3462636,1.150052
21,0.52638125,-0.32989466,-0.012203839,0.45608094,-0.20991515,0.26719233,-0.8172637,-0.13539803,0.0486241,1.223217,0.67515117,0.353842,0.31126016,-0.0005333498,-0.5761891,-0.022710975,-0.18509443,-0.2954654,-0.4831416,-1.1166952,0.2677678,0.31814575,0.7876268,-0.4566347,-0.06074801,-0.42179614,-0.6384509,-0.2563538,0.5114289,0.13971588,1.4655917,1.2375222
22,0.5015433,-0.25585902,0.0014283024,0.41391423,-0.17391631,0.26406208,-0.7770265,-0.108160645,0.056400985,1.1281809,0.6543169,0.37770736,0.2833211,-0.02205398,-0.57824457,-0.035790537,-0.13304861,-0.2681457,-0.43448624,-0.98595804,0.22835883,0.25897983,0.7530646,-0.46058646,-0.073088706,-0.37913495,-0.61189795,-0.20087264,0.43941593,0.12906498,1.3835161,1.1739553
23,0.4169151,-0.26768237,-0.009637166,0.36673608,-0.16413504,0.22945389,-0.68591017,-0.112046,0.004313588,1.0415466,0.57987154,0.28795442,0.2502444,0.015942171,-0.46470517,-0.01561955,-0.16978754,-0.25896287,-0.43528104,-0.9538352,0.2696617,0.28111488,0.6525015,-0.40401235,-0.09222375,-0.3821892,-0.5414681,-0.24534902,0.44905955,0.11730657,1.226442,1.0620922
24,0.43473566,-0.28403503,-0.0104317255,0.38268295,-0.17404042,0.23556969,-0.70905226,-0.11807306,0.009223253,1.0766314,0.5961636,0.29531506,0.26127827,0.01612319,-0.48094332,-0.0153198205,-0.17626543,-0.26671886,-0.44684765,-0.98854125,0.27340633,0.29213136,0.6756372,-0.41098642,-0.08797519,-0.39232618,-0.55794597,-0.251757,0.4640144,0.12274697,1.2688309,1.0941112
25,0.59323996,-0.38775805,-0.016484026,0.51189405,-0.24549581,0.28784582,-0.90202767,-0.1550754,0.06666495,1.3371872,0.7266268,0.37580293,0.35494894,-0.002238743,-0.63421184,-0.018222433,-0.20886084,-0.32339156,-0.5217797,-1.2377687,0.27455646,0.35083297,0.86846286,-0.48190865,-0.041005068,-0.4517669,-0.6957659,-0.2759247,0.5604026,0.15271202,1.6107293,1.3439337
26,0.58031136,-0.37523812,-0.015515242,0.5008716,-0.23813681,0.28410798,-0.8854165,-0.15088248,0.063540414,1.3144519,0.7170946,0.37280893,0.3462281,-0.0025752857,-0.6240124,-0.019253593,-0.2030451,-0.31746623,-0.5134815,-1.2126842,0.27235433,0.34367564,0.8530831,-0.47736228,-0.04512699,-0.44543996,-0.68465793,-0.27119228,0.5499196,0.15051335,1.5823246,1.3232005
27,0.5765817,-0.37837335,-0.015824985,0.4998584,-0.23864956,0.28253534,-0.88243496,-0.15192463,0.060540423,1.3137243,0.71419185,0.36762416,0.3449829,3.642589e-05,-0.6184113,-0.018150631,-0.20603459,-0.3179177,-0.51492625,-1.2145724,0.27579108,0.3468915,0.8492146,-0.4743013,-0.046260886,-0.4471876,-0.6820304,-0.27467772,0.55242443,0.15080544,1.5775532,1.3203307
28,0.45896432,-0.2725302,-0.0072397552,0.3998266,-0.17470528,0.24579167,-0.7337828,-0.11457531,0.028590083,1.1033587,0.61951274,0.32869172,0.2685764,-0.0005471334,-0.5186275,-0.02495185,-0.15952192,-0.267057,-0.44230577,-0.99214125,0.25663292,0.28279135,0.7054942,-0.43093684,-0.0800365,-0.3897837,-0.5788935,-0.23483577,0.46005392,0.12571993,1.3161567,1.128266
29,0.54893106,-0.31067884,-0.0074187703,0.4600005,-0.20579599,0.27765563,-0.8372046,-0.12833698,0.06572358,1.22513,0.6929447,0.3860357,0.31811914,-0.016572021,-0.6125232,-0.029033598,-0.1635702,-0.29210648,-0.4723624,-1.099148,0.24526751,0.2966964,0.81188554,-0.4747801,-0.057167977,-0.40997535,-0.6540931,-0.23116694,0.4916814,0.14008766,1.4942899,1.255555
30,0.47596607,-0.2708206,-0.0056981854,0.40944853,-0.1769042,0.25246266,-0.75178343,-0.11427736,0.039143756,1.121353,0.6343687,0.34594023,0.27556983,-0.007466033,-0.5401456,-0.028890382,-0.15365987,-0.2694543,-0.44298986,-1.0005356,0.24937245,0.27922657,0.7252509,-0.4418217,-0.075640455,-0.38946223,-0.5932463,-0.22710076,0.45913333,0.12746,1.3475745,1.1502041
31,0.39975742,-0.23178771,-0.0055526383,0.34984052,-0.14676765,0.22407936,-0.65967846,-0.09913595,0.008314684,0.996976,0.5645541,0.29463157,0.23420945,0.0053430945,-0.45734984,-0.024123143,-0.14872055,-0.24578315,-0.41224402,-0.89460593,0.25403565,0.2562013,0.6284399,-0.4042151,-0.09333442,-0.3628376,-0.5250919,-0.22354217,0.4213264,0.10793284,1.1816602,1.0269965
32,0.38027126,-0.23249558,-0.0075127,0.33450928,-0.14325891,0.21673791,-0.6382048,-0.098659396,-0.0052214414,0.9673617,0.545311,0.27354693,0.22711033,0.013581887,-0.43289506,-0.01640698,-0.15425685,-0.24197817,-0.40932563,-0.87918824,0.25921303,0.25648937,0.6046323,-0.39023948,-0.100388035,-0.359963,-0.5068038,-0.23020624,0.41678512,0.105817,1.1382829,0.9953381
33,0.46371648,-0.27340448,-0.0073649324,0.40285432,-0.17573224,0.24719712,-0.73854953,-0.11518651,0.031534716,1.1098071,0.6235153,0.3322996,0.2708662,-0.001341939,-0.52282345,-0.026212957,-0.16000624,-0.26855856,-0.44380882,-0.99732006,0.25659394,0.2833125,0.7104469,-0.4334308,-0.0781945,-0.39032653,-0.5832247,-0.23419495,0.46153486,0.12545097,1.3256093,1.1344184
34,0.56572914,-0.41124988,-0.0169348,0.49920037,-0.24821593,0.27681103,-0.8799907,-0.16228753,0.043334305,1.3251773,0.70405054,0.33591416,0.34569764,0.01912535,-0.5910252,-0.009905234,-0.23116058,-0.3264857,-0.5320738,-1.2457725,0.30027807,0.37132797,0.8383102,-0.45824042,-0.051210694,-0.463049,-0.6753643,-0.29972786,0.57413334,0.15423602,1.5718198,1.3189496
35,0.48364326,-0.32475233,-0.012458812,0.4260154,-0.19952895,0.25191808,-0.7712982,-0.13286115,0.024483457,1.1683367,0.63905704,0.31699085,0.29099336,0.014121972,-0.5263951,-0.015360605,-0.19146213,-0.28678253,-0.4754352,-1.0780045,0.28026304,0.3185551,0.737603,-0.43102023,-0.07483156,-0.41696113,-0.6022366,-0.26585165,0.5018339,0.13551506,1.3820385,1.1786062
36,0.5354578,-0.35850585,-0.014715906,0.46837887,-0.22256051,0.2685363,-0.8334116,-0.14502609,0.04440093,1.254361,0.68134636,0.34287202,0.32115975,0.008731656,-0.5744909,-0.017727703,-0.20370969,-0.305843,-0.50068307,-1.1603136,0.28219882,0.33804652,0.7994804,-0.4543021,-0.058109425,-0.43645465,-0.64761716,-0.27425388,0.5342456,0.14368045,1.4940449,1.2596103
37,0.5442047,-0.36152315,-0.014870454,0.4749443,-0.22552282,0.27157184,-0.8434376,-0.14611354,0.048390552,1.2664714,0.68846124,0.3490007,0.3258673,0.006373234,-0.5842381,-0.018310625,-0.20347726,-0.30806214,-0.5031358,-1.1704938,0.2802831,0.3391689,0.8099751,-0.4589711,-0.055438533,-0.4382746,-0.6549391,-0.2736129,0.5374327,0.14498746,1.5115428,1.2722214
38,0.41624492,-0.26685107,-0.009533558,0.3662155,-0.16372262,0.22927567,-0.685068,-0.111710176,0.004162565,1.0401502,0.579302,0.28791207,0.2497532,0.01569622,-0.4644395,-0.015648868,-0.16918136,-0.25851998,-0.43461934,-0.9521633,0.26919353,0.2805175,0.65174955,-0.4038832,-0.09242877,-0.3817435,-0.5408103,-0.24489538,0.44832784,0.11723185,1.2248806,1.0609933
39,0.49718413,-0.34585562,-0.013821263,0.43805337,-0.20978546,0.25559607,-0.7903706,-0.14018978,0.025311083,1.197956,0.64958197,0.31509316,0.30140096,0.019143969,-0.53268415,-0.013066534,-0.20395625,-0.29578882,-0.48936242,-1.1140933,0.28894338,0.33198765,0.7538765,-0.4331076,-0.07127654,-0.42771935,-0.61480695,-0.27655047,0.51823395,0.13885802,1.4150658,1.2029382
40,0.4210408,-0.25116375,-0.007123273,0.36832097,-0.15857533,0.23150575,-0.6867534,-0.106534585,0.014165729,1.0388389,0.58433884,0.3035148,0.24760428,0.0062140822,-0.47620857,-0.023471814,-0.1571645,-0.25517017,-0.42657948,-0.9367762,0.25921902,0.26962763,0.65605587,-0.41238838,-0.08846564,-0.37508965,-0.54489994,-0.23183897,0.43934655,0.11439706,1.2317241,1.0646571
41,0.56591797,-0.39376837,-0.016774844,0.49627605,-0.24193327,0.27742556,-0.8746819,-0.15686528,0.049974695,1.3139305,0.7047408,0.34736338,0.34242716,0.011679865,-0.5973945,-0.014325898,-0.22040653,-0.3214772,-0.5231465,-1.2263972,0.29077893,0.35965595,0.8369679,-0.46343368,-0.04941149,-0.45471,-0.6746378,-0.28885123,0.56311303,0.15093496,1.5650343,1.3123472
42,0.5103367,-0.35605526,-0.014388073,0.44938004,-0.21628079,0.25979075,-0.8066759,-0.14375444,0.02984336,1.2212882,0.66033894,0.3207542,0.30928174,0.018322319,-0.5444884,-0.013392363,-0.20794642,-0.30104458,-0.4965883,-1.1369513,0.29028532,0.33811697,0.7698503,-0.43869466,-0.06708248,-0.43360555,-0.6264369,-0.2797292,0.52774113,0.1413238,1.4444954,1.2244968
43,0.39722404,-0.23356065,-0.0062186606,0.3480843,-0.14693736,0.22297701,-0.6570783,-0.099735215,0.0059948564,0.9942914,0.56197995,0.29069585,0.23378447,0.0073986053,-0.4531133,-0.022625607,-0.15102452,-0.24590889,-0.41302,-0.8951835,0.2560991,0.25763118,0.62529737,-0.40179512,-0.0942408,-0.3632695,-0.52284247,-0.22585447,0.42217845,0.10769387,1.1764914,1.0231923
44,0.5093104,-0.3571098,-0.014393572,0.44872057,-0.21643968,0.25940964,-0.80597144,-0.14407688,0.028733835,1.2205291,0.65946597,0.31910133,0.30906734,0.019208796,-0.5429217,-0.012801971,-0.20878415,-0.3011675,-0.49698436,-1.1372244,0.29116613,0.3388668,0.76877195,-0.4376616,-0.06768106,-0.43399093,-0.6256107,-0.280651,0.5280921,0.1415247,1.4428226,1.2234305
45,0.3801893,-0.23242204,-0.007507745,0.33443946,-0.1432148,0.21670978,-0.6381001,-0.09862983,-0.0052459687,0.96719563,0.5452315,0.27351078,0.22705904,0.013576359,-0.43282586,-0.016404916,-0.1542212,-0.24193904,-0.4092666,-0.8790234,0.25918666,0.25643522,0.6045266,-0.39020807,-0.10040681,-0.35991475,-0.506724,-0.23017454,0.4167139,0.10579408,1.1380852,0.9951903
46,0.5257056,-0.37349957,-0.015127305,0.46353698,-0.2259305,0.26454416,-0.82767147,-0.14963853,0.03271751,1.2516525,0.6727188,0.32381302,0.31976822,0.019476704,-0.5568693,-0.011810061,-0.21560262,-0.30865127,-0.507577,-1.1696067,0.29426622,0.34888235,0.7892327,-0.4434612,-0.06314507,-0.44292045,-0.6401719,-0.28671557,0.5419843,0.14563924,1.4807957,1.2517091
47,0.4783505,-0.32752335,-0.012872409,0.42128643,-0.19913985,0.2496686,-0.76587385,-0.13374132,0.020331621,1.161945,0.6338803,0.30916044,0.28931448,0.018587738,-0.51697654,-0.013715647,-0.19591044,-0.28713593,-0.47697145,-1.0768852,0.284786,0.32040522,0.7305015,-0.42636675,-0.076541506,-0.41744688,-0.5978298,-0.26952052,0.5022397,0.13429639,1.3713138,1.1705139
48,0.4369175,-0.28452832,-0.0103282,0.38468263,-0.17474575,0.2364184,-0.7116357,-0.1182652,0.01038897,1.0802399,0.59826183,0.2973835,0.2622544,0.015221268,-0.48388064,-0.015728936,-0.17573905,-0.26713297,-0.447271,-0.9909144,0.27274904,0.29245886,0.67853826,-0.4124078,-0.087344535,-0.39292037,-0.55988884,-0.25139838,0.46490258,0.123354234,1.2737972,1.0978864
49,0.4792458,-0.32688546,-0.012894627,0.4218143,-0.19904727,0.24993962,-0.7664885,-0.13358518,0.021294415,1.162809,0.6346116,0.31034556,0.28954843,0.01808992,-0.5179305,-0.014307182,-0.19559503,-0.28722048,-0.47689933,-1.0770636,0.2844365,0.3199813,0.73129815,-0.42714036,-0.075931646,-0.4172209,-0.59862083,-0.26893887,0.5021621,0.13396043,1.3728718,1.171424
50,-0.02246901,-0.110845536,0.8854553,-0.21369432,0.42171133,-0.7110875,-0.5559949,-0.39873436,-0.31030193,-0.84765553,-0.36037824,-0.14736906,-0.0922198,0.38435003,0.13671252,-0.10626249,-0.0796486,-0.14181146,-0.19046661,0.9410613,-0.0064894455,-0.2525725,0.1786564,-0.19128251,-0.24996851,0.9135485,-0.30485082,1.0756491,-1.2722925,-0.3828188,0.21866226,0.791518
51,-0.030883957,-0.10200141,0.8260411,-0.20201662,0.38850537,-0.65427244,-0.52535003,-0.37108403,-0.2851221,-0.77542424,-0.3324592,-0.13622804,-0.10262981,0.3512247,0.100249805,-0.09701328,-0.06987473,-0.12674281,-0.17741537,0.86578304,-0.006749411,-0.24175617,0.1624262,-0.18080029,-0.23929328,0.8439535,-0.2896095,0.9914708,-1.186,-0.362048,0.20870546,0.7523793
52,-0.022408951,-0.11090792,0.88595253,-0.21378702,0.42202294,-0.71156776,-0.5562232,-0.39896446,-0.3104738,-0.8482294,-0.36061558,-0.14746757,-0.09212707,0.38460845,0.13701272,-0.10636006,-0.07969789,-0.14193559,-0.19059905,0.9416949,-0.006493722,-0.2526448,0.17877038,-0.19136176,-0.25008276,0.91409767,-0.30496642,1.0763012,-1.2729533,-0.3829796,0.21872433,0.7918007
53,-0.030992966,-0.10188073,0.8252542,-0.20186579,0.38810536,-0.65351254,-0.5249626,-0.37069136,-0.28478113,-0.7744578,-0.3320811,-0.13607055,-0.10275224,0.3507738,0.09977743,-0.09690049,-0.069716185,-0.12654689,-0.17724362,0.864791,-0.0067614513,-0.24158761,0.16220734,-0.18067265,-0.23916912,0.8430158,-0.28941295,0.9903685,-1.1848353,-0.36174926,0.20857345,0.7518455
54,-0.030949008,-0.10193094,0.8256011,-0.20192987,0.38828945,-0.65385026,-0.52512217,-0.370866,-0.28492162,-0.77487886,-0.332251,-0.13614276,-0.10269877,0.35096845,0.09998457,-0.09695488,-0.06977986,-0.12663138,-0.17732404,0.8652311,-0.006756936,-0.24166024,0.16229795,-0.1807257,-0.23922814,0.84342235,-0.28949583,0.99083984,-1.1853353,-0.3618799,0.20862603,0.75206935
55,-0.030935045,-0.10195027,0.82580775,-0.20196134,0.388426,-0.6540578,-0.5251875,-0.3709697,-0.28497684,-0.775115,-0.3323598,-0.13619289,-0.10266744,0.35107124,0.10010625,-0.0970003,-0.069796905,-0.12667584,-0.17738503,0.86550087,-0.0067582624,-0.24169627,0.16233562,-0.18074992,-0.239277,0.843643,-0.28953567,0.9910811,-1.1855923,-0.36194938,0.20864128,0.7521687
56,-0.022356134,-0.11096232,0.886246,-0.2138502,0.42216647,-0.7118439,-0.5563967,-0.39910322,-0.31061816,-0.8485924,-0.36074778,-0.14751717,-0.092072725,0.38478106,0.13719349,-0.10639654,-0.07976192,-0.14201623,-0.19065613,0.942061,-0.0064895796,-0.25269967,0.17886177,-0.19141823,-0.25012863,0.91445583,-0.30504853,1.0767436,-1.2734032,-0.38309005,0.21878648,0.79201585
57,-0.031035643,-0.1018332,0.8249656,-0.20180938,0.38796672,-0.6532348,-0.5248158,-0.37054506,-0.28464982,-0.7741008,-0.33194342,-0.13601357,-0.10279647,0.35060564,0.099604964,-0.096861854,-0.06965205,-0.12647337,-0.17718302,0.8644289,-0.0067676352,-0.24152306,0.16212398,-0.18062517,-0.23912731,0.8426671,-0.28933954,0.98995733,-1.1843997,-0.36163604,0.20852154,0.75164217
58,-0.02240562,-0.11091147,0.88584113,-0.21377444,0.4219128,-0.71145326,-0.5562087,-0.39891666,-0.310477,-0.84812427,-0.36055514,-0.14743759,-0.09214854,0.38457012,0.1369486,-0.10631783,-0.07972145,-0.14191514,-0.19054928,0.94154525,-0.006485914,-0.25264093,0.17876811,-0.19135293,-0.25003582,0.91400796,-0.3049537,1.0762105,-1.2728633,-0.38295966,0.21873502,0.79178447
59,-0.022421982,-0.1108944,0.88580465,-0.21376179,0.42191824,-0.71142304,-0.5561655,-0.39889753,-0.31043458,-0.8480653,-0.360543,-0.14743607,-0.09215498,0.38453713,0.13692418,-0.10632512,-0.07969351,-0.14190081,-0.19055404,0.94150436,-0.00649028,-0.25262713,0.1787432,-0.1913406,-0.2500426,0.9139441,-0.3049357,1.0761226,-1.2727734,-0.38293654,0.21871279,0.79173017
60,0.000943806,-0.1329386,1.0236415,-0.2434487,0.50580186,-0.8391333,-0.6360387,-0.45782593,-0.36693037,-1.0075346,-0.42040586,-0.16996667,-0.06315613,0.457181,0.22135983,-0.13125357,-0.09490152,-0.18061227,-0.2234166,1.1135627,-0.0070648985,-0.26925626,0.21489768,-0.21944824,-0.27998415,1.0696757,-0.34207168,1.273199,-1.4643385,-0.42525333,0.24184716,0.8797925
61,-0.011642087,-0.12147348,0.95471025,-0.22806773,0.46321747,-0.7761027,-0.59418327,-0.42913136,-0.33860043,-0.92899024,-0.39145932,-0.15924743,-0.07827231,0.4214627,0.17931406,-0.11840309,-0.08816029,-0.16051838,-0.20675762,1.0282059,-0.006723483,-0.26207596,0.19686325,-0.20460394,-0.26454076,0.9924445,-0.32300943,1.1739049,-1.3693188,-0.40499902,0.23006624,0.8356016
62,-0.022408102,-0.11090858,0.88597906,-0.21379066,0.4220456,-0.7115944,-0.55622995,-0.39897624,-0.31047687,-0.84825677,-0.36062938,-0.14747402,-0.092122145,0.3846192,0.13702838,-0.1063683,-0.07969548,-0.14194098,-0.19060916,0.94173014,-0.006494765,-0.25264686,0.17877309,-0.19136482,-0.2500919,0.91412216,-0.3049706,1.0763277,-1.2729799,-0.3829857,0.21872404,0.7918087
63,-0.003367085,-0.12710303,1.0100124,-0.23988858,0.5033133,-0.8265137,-0.6253012,-0.4502306,-0.355603,-0.9881904,-0.41421077,-0.1682565,-0.06568571,0.44725356,0.21235208,-0.13186419,-0.087401465,-0.1762197,-0.22332495,1.0963341,-0.008296345,-0.26573563,0.20836286,-0.2160053,-0.28006968,1.0490053,-0.33673805,1.2465187,-1.4377099,-0.41706836,0.23545943,0.8655782
64,0.4803935,-0.13148205,0.08970848,0.27238023,-0.09338931,0.24103686,-0.7388509,-0.042402033,0.061356366,0.8679635,0.58305115,0.37454382,0.21862262,-0.039219774,-0.5737786,-0.05796762,-0.027586889,-0.22687787,-0.33878627,-0.64431334,0.15756199,0.09300962,0.69451576,-0.47517452,-0.121824406,-0.2569855,-0.5722135,-0.019181322,0.21248728,0.08305212,1.2283634,1.0513209
65,0.4198254,-0.08430004,0.12964779,0.19976303,-0.0573945,0.19753458,-0.6818098,-0.016120616,0.041441873,0.72329533,0.5101276,0.32218105,0.16406333,-0.03921228,-0.5100717,-0.059200797,-0.0007058345,-0.20690951,-0.3049311,-0.48610184,0.14131868,0.045412526,0.6202738,-0.45034572,-0.14212717,-0.21310371,-0.5237359,0.031456735,0.12716398,0.050732993,1.0843208,0.95628494
66,-0.03098781,-0.10187982,0.82516307,-0.20185858,0.3880246,-0.653413,-0.5249653,-0.37064058,-0.28478348,-0.77436787,-0.33202434,-0.13604021,-0.10276429,0.35074005,0.09972706,-0.096867934,-0.06972529,-0.12653229,-0.17720337,0.8646646,-0.0067585306,-0.24157634,0.16220708,-0.18067122,-0.2391358,0.84293735,-0.2894061,0.9903027,-1.1847595,-0.3617211,0.20858178,0.75183356
67,-0.037989598,-0.09340669,0.7644435,-0.19103256,0.35686988,-0.5938799,-0.49855798,-0.33903596,-0.26039082,-0.7002469,-0.30171028,-0.12268808,-0.110993095,0.3163582,0.06403307,-0.08760837,-0.057676535,-0.11228161,-0.1632438,0.7877198,-0.007909034,-0.22748557,0.14654215,-0.17185634,-0.22968748,0.77148426,-0.2753055,0.9091225,-1.096642,-0.3382803,0.19987898,0.7125257
68,0.65651196,-0.23687452,0.071823835,0.37126336,-0.16271223,0.30587325,-0.9213552,-0.07573074,0.10513663,1.087827,0.7138481,0.46431515,0.34436876,-0.038320668,-0.7406594,-0.041544367,-0.067968756,-0.2740981,-0.40607142,-0.8873617,0.17835107,0.13106388,0.89117014,-0.543912,-0.09229918,-0.29129305,-0.70541185,-0.03121484,0.2887044,0.11429844,1.5656196,1.276084
69,0.567886,-0.18083653,0.081519276,0.31946513,-0.12642364,0.27413845,-0.827997,-0.05843674,0.08408177,0.97738516,0.64927524,0.4204791,0.27844664,-0.037324615,-0.65583366,-0.050155524,-0.047191765,-0.25000012,-0.3717484,-0.7609976,0.16917312,0.110576436,0.79305035,-0.5102843,-0.10915574,-0.27421385,-0.63926405,-0.023723613,0.24773835,0.099212505,1.3949627,1.1627357
70,0.5458857,-0.16872045,0.082433105,0.30904904,-0.118567415,0.2665228,-0.805477,-0.055010606,0.07872752,0.9529007,0.6338702,0.40985465,0.26355425,-0.037748463,-0.6353372,-0.052242544,-0.042845245,-0.24441397,-0.36410052,-0.7344989,0.1667376,0.10774374,0.76882106,-0.50150543,-0.11208707,-0.2713171,-0.62280864,-0.024383716,0.2410479,0.09598399,1.3542958,1.1357492
71,0.5477373,-0.16909939,0.083313614,0.3085908,-0.118689306,0.26680323,-0.8073077,-0.05477761,0.079051994,0.95277226,0.6344513,0.41029343,0.26432034,-0.037562676,-0.6368406,-0.05205481,-0.04265395,-0.24469438,-0.36417326,-0.734043,0.16671047,0.10661629,0.7705812,-0.5023739,-0.11232578,-0.27057335,-0.6240376,-0.022761744,0.23960228,0.09576916,1.3566991,1.1372524
72,0.528048,-0.15797189,0.084932625,0.29823902,-0.111300774,0.2595681,-0.7872196,-0.051282827,0.07403243,0.92880833,0.61987275,0.40022784,0.25081983,-0.03793814,-0.61838853,-0.05386923,-0.038308445,-0.2395427,-0.35684544,-0.7082612,0.16420424,0.10294752,0.7485457,-0.4945326,-0.11520074,-0.26703387,-0.6090687,-0.022048201,0.23202752,0.0923705,1.3194538,1.112397
73,0.6328334,-0.22589985,0.068797395,0.36586526,-0.1563574,0.29959136,-0.89734566,-0.07453106,0.10053181,1.0723435,0.70124894,0.45541787,0.3291971,-0.03891597,-0.7192299,-0.043861885,-0.06579107,-0.26905304,-0.40052915,-0.87016577,0.17704761,0.13439813,0.8670133,-0.53423923,-0.09387625,-0.29327005,-0.68911374,-0.03883256,0.28988564,0.11342118,1.526518,1.2510535
74,0.5678867,-0.18321584,0.078183845,0.32424787,-0.12832272,0.27545652,-0.82843316,-0.060323287,0.084494986,0.98512805,0.65181535,0.4221168,0.2801628,-0.03786192,-0.6566638,-0.050203282,-0.049049597,-0.25071836,-0.37367865,-0.77050424,0.16982207,0.11544523,0.79403657,-0.5098474,-0.1074637,-0.27774993,-0.6398776,-0.029124787,0.254694,0.101026796,1.3986217,1.1655079
75,0.6327825,-0.22192875,0.07357636,0.3584657,-0.15331723,0.2977682,-0.89602405,-0.07156612,0.099910006,1.0606406,0.69746596,0.45315012,0.32661757,-0.037883975,-0.7179291,-0.0438375,-0.0630576,-0.2677684,-0.39752433,-0.8556192,0.1764526,0.12684292,0.8653948,-0.534921,-0.09656293,-0.2877167,-0.6880453,-0.030694429,0.2794268,0.11071541,1.5207938,1.2465516
76,0.5255545,-0.15638536,0.0853741,0.29660353,-0.110255696,0.25850412,-0.78461385,-0.050705645,0.07339564,0.9252563,0.61783105,0.39879346,0.24898204,-0.037963428,-0.61596465,-0.054080125,-0.037683625,-0.23884025,-0.35584682,-0.7043726,0.16388154,0.10217512,0.7457041,-0.49355224,-0.11564115,-0.26633716,-0.60712427,-0.021657225,0.23065658,0.09175057,1.3144809,1.1090804
77,0.67092144,-0.2443837,0.07259199,0.3761838,-0.16735987,0.3098841,-0.9360629,-0.077079624,0.10812849,1.0999169,0.72224694,0.47000003,0.35420242,-0.038176216,-0.75381154,-0.04004607,-0.07017754,-0.27745855,-0.41038454,-0.90123,0.17952731,0.1307595,0.90629035,-0.5495868,-0.09055273,-0.29129085,-0.7154987,-0.028713107,0.29065812,0.11515672,1.5906631,1.2923882
78,0.5108152,-0.19602773,0.033676054,0.36492118,-0.1406082,0.26819608,-0.77617687,-0.07991336,0.07094695,1.0369755,0.64449376,0.40557083,0.26784045,-0.038891844,-0.6056047,-0.049712826,-0.07804859,-0.2499792,-0.3903629,-0.85092247,0.18701714,0.1839104,0.74821526,-0.47813877,-0.090144835,-0.32577056,-0.60812217,-0.116827875,0.34386396,0.11556674,1.3488693,1.1402152
79,0.729567,-0.2907481,0.058326866,0.424882,-0.19829597,0.33177537,-1.0023799,-0.093886614,0.122863114,1.1921481,0.76941556,0.49982572,0.4040167,-0.042646743,-0.8113263,-0.034067836,-0.08921808,-0.2965572,-0.43957105,-1.0130131,0.18469745,0.15840666,0.9733054,-0.57001287,-0.071586065,-0.31244564,-0.76009005,-0.04995319,0.3387342,0.12739375,1.7136749,1.3758532
80,0.63134074,-0.21961942,0.07560438,0.35475898,-0.15157104,0.29663157,-0.8941802,-0.07016228,0.09923391,1.0542943,0.694996,0.45162988,0.32462773,-0.03748811,-0.7161493,-0.04398058,-0.061590236,-0.266913,-0.39572686,-0.8479677,0.17600247,0.12357502,0.8631842,-0.5346393,-0.09795733,-0.28534508,-0.68659705,-0.027305204,0.2746156,0.10955963,1.515882,1.242992
81,0.76964015,-0.32078284,0.05217242,0.45323065,-0.21782412,0.3451637,-1.0482476,-0.103333235,0.13197836,1.24623,0.7984198,0.5178555,0.43717226,-0.045691825,-0.849664,-0.030020434,-0.100010455,-0.3091427,-0.4573726,-1.079937,0.1868703,0.17198148,1.0176629,-0.58435726,-0.0598536,-0.323282,-0.78957015,-0.05884647,0.36463493,0.13357031,1.7938842,1.4298842
82,0.77530694,-0.32998437,0.0464846,0.465929,-0.22452678,0.3481512,-1.0570443,-0.10823625,0.13415962,1.2672507,0.8062649,0.5213863,0.44408926,-0.047366448,-0.8553586,-0.029219989,-0.10528536,-0.3129837,-0.46404886,-1.1063285,0.18760517,0.18293804,1.0259526,-0.5856505,-0.054283194,-0.3318286,-0.7951936,-0.07012522,0.38061672,0.13659865,1.811617,1.4432639
83,0.46779004,-0.23947945,0.0013645552,0.39197442,-0.16164966,0.2513557,-0.7370272,-0.102305144,0.044365197,1.0821258,0.62608683,0.35638624,0.263644,-0.017098255,-0.54192525,-0.036206227,-0.13170993,-0.2585251,-0.4229316,-0.94449246,0.23214188,0.2523922,0.7120192,-0.44526306,-0.07921302,-0.3709731,-0.58361614,-0.20218226,0.42778444,0.12129303,1.3164204,1.1253887
84,0.59439623,-0.19878703,0.07635969,0.33807078,-0.13834837,0.28476492,-0.8559895,-0.064898446,0.09085856,1.0160041,0.6706278,0.43502653,0.2988751,-0.037688546,-0.68168396,-0.047653083,-0.054624256,-0.25765237,-0.38324338,-0.8048574,0.17255452,0.11998072,0.8232431,-0.52020556,-0.10327507,-0.28183135,-0.6596907,-0.029464573,0.2643749,0.10517684,1.4484648,1.1985813
85,0.6933112,-0.26940238,0.05838641,0.4088581,-0.18500407,0.32110742,-0.9637745,-0.08916184,0.1152831,1.1574423,0.7471924,0.48497164,0.3773936,-0.041744746,-0.7774944,-0.037655625,-0.08304547,-0.28734076,-0.42767924,-0.97136456,0.18272749,0.15590975,0.935065,-0.55610704,-0.07785365,-0.31011865,-0.734669,-0.052724894,0.328992,0.12436987,1.6482148,1.333018
86,0.519391,-0.2101621,0.026726287,0.38027725,-0.14989482,0.27173665,-0.78707993,-0.08652149,0.07264595,1.0664909,0.6551001,0.40853727,0.2770833,-0.03773535,-0.6119998,-0.04730286,-0.088146135,-0.25547904,-0.40108892,-0.8873964,0.1930492,0.19882706,0.76097053,-0.4797969,-0.0846503,-0.3371861,-0.61696357,-0.13183106,0.36467022,0.11989651,1.3746034,1.1595619
87,0.48043892,-0.30226642,2.1294868,-0.5592498,1.3749318,-1.7906318,-1.5919174,-0.86040527,-0.5546598,-1.979397,-0.6830001,-0.45792305,0.15458018,0.78233016,0.54675436,-0.44761992,0.12508957,-0.6630235,-0.5519112,2.2237449,-0.12936711,-0.27184144,0.3389591,-0.4594637,-0.51531047,2.1546638,-0.762754,2.4991624,-2.6809986,-0.42524177,0.31649035,1.6427151
88,0.41603807,-0.23828232,-0.00508843,0.36277267,-0.1525266,0.23025778,-0.6791195,-0.10182068,0.015945628,1.0239145,0.5801558,0.3072811,0.24222931,0.0017301813,-0.47585106,-0.02652749,-0.14843787,-0.25046065,-0.41810244,-0.91532785,0.25245813,0.26027295,0.6492843,-0.41318288,-0.08926757,-0.36822027,-0.54001296,-0.22308816,0.42869604,0.1119423,1.2179241,1.0540336
89,0.6137706,-0.22812697,0.054098558,0.38060912,-0.15978347,0.29794937,-0.8808453,-0.08125517,0.09807708,1.0908674,0.70024836,0.4521905,0.32348445,-0.041163214,-0.7035658,-0.045027558,-0.07316458,-0.2687235,-0.40536216,-0.8955261,0.17952716,0.15738684,0.8521033,-0.5243737,-0.08760012,-0.30983552,-0.67897975,-0.06765358,0.3192085,0.11869312,1.5100006,1.2432271
90,0.5776895,-0.22274518,0.040903132,0.38564602,-0.15739474,0.2901379,-0.84731984,-0.08510183,0.08936097,1.0894736,0.68662226,0.43927228,0.3070067,-0.041755684,-0.6712117,-0.046536606,-0.07827848,-0.26450378,-0.40442383,-0.9002897,0.18261737,0.1777795,0.81884736,-0.5072723,-0.085326724,-0.32404914,-0.65665346,-0.09561725,0.34175825,0.12223341,1.4621067,1.2146866
91,0.54680187,-0.17017545,0.08102211,0.31141418,-0.11964833,0.26740935,-0.8065683,-0.055912513,0.07910724,0.95705986,0.63555175,0.41099,0.26488116,-0.037918366,-0.63653076,-0.052177723,-0.043773253,-0.24492931,-0.36517197,-0.7394479,0.16712253,0.10981551,0.77021956,-0.5017028,-0.11129695,-0.27285627,-0.6237425,-0.026519652,0.24412316,0.09687699,1.3574675,1.1379772
92,0.51574326,-0.17904356,0.051359426,0.34074745,-0.12806503,0.26748237,-0.77949506,-0.06895688,0.07254659,0.99564874,0.6364015,0.40807778,0.2616835,-0.04072722,-0.6130095,-0.052868303,-0.058904257,-0.24491364,-0.37443918,-0.7950275,0.17438374,0.15287662,0.74631876,-0.48415923,-0.10018248,-0.3030972,-0.60721284,-0.07931761,0.30082422,0.10927161,1.3354311,1.1272488
93,0.5129883,-0.1898047,0.039916825,0.35664073,-0.13602093,0.26876572,-0.7783912,-0.075992435,0.07160323,1.0226005,0.6424018,0.40797657,0.26630935,-0.04012572,-0.6098779,-0.050921146,-0.07001789,-0.24815941,-0.3839981,-0.83091146,0.18139392,0.17266533,0.74814206,-0.48049316,-0.09411894,-0.31753027,-0.60823816,-0.102376744,0.3279187,0.11423788,1.3449017,1.1360936
94,0.51351744,-0.1760956,0.053217303,0.33697686,-0.12599185,0.26622438,-0.7768119,-0.06746192,0.07192474,0.9885074,0.6334781,0.4065035,0.2592282,-0.040714674,-0.61079663,-0.05330312,-0.056982305,-0.24375588,-0.37222117,-0.786501,0.17334324,0.14952327,0.7431,-0.48360947,-0.101428814,-0.30054653,-0.6050125,-0.076065674,0.2960268,0.107985415,1.3290567,1.1226138
95,0.53467983,-0.18285467,0.057633977,0.34001195,-0.1299801,0.27210888,-0.798166,-0.06786069,0.07755806,1.0001365,0.64499027,0.41551924,0.2700427,-0.04056499,-0.63016516,-0.05224623,-0.05663197,-0.24779493,-0.3758115,-0.7958213,0.17263848,0.14437187,0.76470274,-0.49318966,-0.10109468,-0.29768744,-0.6198767,-0.06633173,0.29099578,0.10851645,1.362336,1.1441706
96,0.5131113,-0.17702077,0.052031662,0.33853117,-0.12670769,0.26638046,-0.77656025,-0.0681348,0.07183246,0.99106705,0.6340419,0.4065764,0.2596347,-0.0407129,-0.6104596,-0.05316062,-0.057975385,-0.24401891,-0.3730601,-0.7898988,0.17394629,0.15145966,0.7431273,-0.48320392,-0.100843534,-0.3019452,-0.6050122,-0.07832613,0.2986791,0.10850961,1.3297613,1.123307
97,0.5129283,-0.17770663,0.051213916,0.3396465,-0.1272437,0.26649576,-0.7764594,-0.06861323,0.07180393,0.99294794,0.6344865,0.40663826,0.2599586,-0.040699996,-0.6102813,-0.053047415,-0.058714706,-0.2442239,-0.3737013,-0.7923654,0.17440349,0.1528149,0.7432568,-0.48296395,-0.10040994,-0.30293024,-0.6050795,-0.07992387,0.30056375,0.1088542,1.3304203,1.1239103
98,0.51455986,-0.17674683,0.05309516,0.3376374,-0.1264213,0.26661918,-0.7779371,-0.06769447,0.07221226,0.9899491,0.63430333,0.40705854,0.25995186,-0.040714927,-0.6117891,-0.053209808,-0.05722971,-0.24406204,-0.37265098,-0.7880532,0.17345041,0.1498374,0.74430114,-0.48401886,-0.101238996,-0.30081826,-0.60584366,-0.076190874,0.29654014,0.108202316,1.3311176,1.1240222
99,0.51716095,-0.18239585,0.048740488,0.3453057,-0.13046952,0.26860866,-0.7814647,-0.07083173,0.07293718,1.0039251,0.6392921,0.40933967,0.26405898,-0.04071658,-0.61443913,-0.05234972,-0.061470952,-0.24613282,-0.37709755,-0.8052696,0.17584309,0.15749577,0.74897796,-0.48420244,-0.09860256,-0.30654618,-0.6090099,-0.08416856,0.30729735,0.11080449,1.341304,1.13172
100,0.51701635,-0.18231629,0.048745777,0.34523043,-0.13041784,0.26855737,-0.7813094,-0.07080646,0.072896786,1.0037538,0.63918585,0.40926555,0.26396507,-0.040715642,-0.61430174,-0.052360583,-0.061446663,-0.24609357,-0.37704694,-0.80509096,0.17583475,0.15747097,0.7488159,-0.48414353,-0.098623596,-0.30652246,-0.60889745,-0.08417247,0.307252,0.11078078,1.3410316,1.1315358
101,0.5504493,-0.34220815,2.2727325,-0.6104047,1.4871188,-1.919132,-1.7259387,-0.91977984,-0.577663,-2.1053627,-0.7179062,-0.5052532,0.18056804,0.82768387,0.56929994,-0.4834862,0.15414968,-0.73001033,-0.58570427,2.3614585,-0.15793884,-0.27173206,0.34838456,-0.48362145,-0.53815186,2.3060827,-0.8259056,2.651416,-2.8400612,-0.4301083,0.33018756,1.754439
102,0.55018973,-0.34194922,2.272041,-0.61021847,1.486677,-1.9184563,-1.7254014,-0.9194554,-0.57745975,-2.1047337,-0.7176797,-0.5050604,0.18047592,0.8274025,0.56906646,-0.48335192,0.1541907,-0.72974944,-0.5855414,2.3607357,-0.15786892,-0.2716638,0.34827572,-0.48350695,-0.5380722,2.3052933,-0.8256099,2.6505823,-2.839179,-0.42996097,0.3300119,1.753893
103,0.6453215,-0.44615084,2.5387175,-0.68144685,1.6523093,-2.1813989,-1.9265363,-1.044668,-0.6606299,-2.346275,-0.8089103,-0.57742715,0.21586084,0.94073296,0.6645326,-0.53254235,0.12887704,-0.8276346,-0.6471942,2.6442647,-0.18124533,-0.3002998,0.39282075,-0.52567714,-0.5670117,2.6126907,-0.939807,2.9770162,-3.1855412,-0.4939407,0.40523142,1.9655464
104,0.55018914,-0.34194827,2.2720392,-0.61021847,1.4866761,-1.9184537,-1.7254003,-0.91945434,-0.57745886,-2.104732,-0.71767867,-0.50505984,0.1804755,0.8274013,0.5690653,-0.48335186,0.15419157,-0.72974885,-0.5855406,2.3607333,-0.1578691,-0.27166352,0.34827536,-0.48350665,-0.538072,2.305291,-0.8256089,2.65058,-2.8391755,-0.42995992,0.3300113,1.7538913
105,0.5504898,-0.3422281,2.2728097,-0.6104358,1.4871843,-1.9191995,-1.7260154,-0.91981024,-0.5776718,-2.10543,-0.71792346,-0.5052799,0.18058339,0.8277067,0.5693062,-0.48350713,0.15417281,-0.73004895,-0.58572227,2.3615313,-0.1579575,-0.27172926,0.34838676,-0.48363432,-0.538165,2.3061626,-0.82594067,2.6514955,-2.8401423,-0.4301068,0.33019057,1.7544997
106,0.59233886,-0.38574612,2.386894,-0.6410207,1.5593914,-2.031119,-1.8136301,-0.973234,-0.6119698,-2.2088652,-0.75597495,-0.5367526,0.19569501,0.8750198,0.6086853,-0.50518644,0.14586505,-0.7725845,-0.6123417,2.4816384,-0.16897163,-0.2834306,0.36681244,-0.50228673,-0.5509193,2.4369323,-0.8748049,2.7898793,-2.9867647,-0.45565504,0.36049646,1.844824
107,0.57128274,-0.36363998,2.3292253,-0.62547135,1.5229527,-1.9745059,-1.7694507,-0.9462545,-0.59457606,-2.1566558,-0.7366484,-0.5208782,0.18802467,0.8509891,0.5887416,-0.4942725,0.15020905,-0.7511066,-0.5989168,2.420817,-0.16345602,-0.27750757,0.3574942,-0.4929655,-0.5444982,2.3707898,-0.8501059,2.719877,-2.9125705,-0.44261298,0.34501848,1.7991366
108,0.5714517,-0.36384735,2.32973,-0.6255914,1.5232469,-1.9750149,-1.7698112,-0.94650143,-0.59475,-2.1571188,-0.7368298,-0.5210093,0.18808433,0.8512124,0.588947,-0.49435952,0.15012795,-0.75128055,-0.5990355,2.421362,-0.1634875,-0.27757558,0.35759118,-0.4930457,-0.5445483,2.371382,-0.85031945,2.7205114,-2.9132473,-0.44275492,0.34517857,1.7995372
109,-0.44970152,0.374868,-0.875956,-0.26020646,-0.15608215,0.3775006,1.0635405,0.45037237,0.17409153,-0.13444892,-0.062881164,0.32826245,-0.06492278,-0.4484474,0.86385655,-0.18426389,-0.08802357,0.3379885,1.0774126,-0.06879416,0.16568424,0.46669307,-1.0776774,0.8682769,0.5644605,-0.55240494,0.8683384,-0.4990223,0.96399456,-0.19837192,-2.0084064,-2.073427
110,-0.33375764,0.22744468,-0.64955926,-0.14172848,-0.06397165,0.16631931,0.8310429,0.31836486,0.0900698,-0.16592887,-0.1687317,0.01032925,-0.12648416,-0.3423768,0.4494991,0.0033729374,0.005137358,0.2579351,0.6214672,0.05408865,0.018508319,0.09948248,-0.6893979,0.5157407,0.29074875,-0.41799468,0.6315415,-0.49856713,0.63047415,-0.046384998,-1.1541995,-1.3552241
111,-0.325551,0.34275076,-0.72062737,-0.18651097,-0.060910303,0.25092342,0.8159016,0.3499774,0.14236408,-0.08938594,-0.06068365,0.20647681,-0.06352647,-0.39878857,0.63672596,-0.112978816,-0.057727676,0.2385639,0.8381423,-0.050962728,0.15434676,0.35699546,-0.81981754,0.6459836,0.3941828,-0.47647554,0.68253547,-0.4497403,0.78020304,-0.14426705,-1.4621605,-1.5930424
112,-0.3286673,0.31149632,-0.7065758,-0.17762938,-0.05837385,0.228102,0.81871104,0.3472874,0.124552965,-0.11202093,-0.09638185,0.15082946,-0.080758825,-0.386424,0.5846086,-0.08257155,-0.037400234,0.24501929,0.7867605,-0.02217308,0.11702176,0.28776088,-0.79550344,0.6139689,0.36147887,-0.46952567,0.6777498,-0.47019094,0.74667174,-0.119299516,-1.3890151,-1.5366606
113,-0.63586164,-0.40868875,-0.54747593,-0.19306964,-0.30010942,-0.06304658,0.9512227,0.24133234,0.04412943,-0.55122364,-0.51120424,-0.62962496,-0.36285004,-0.028389603,0.13980298,0.5390601,0.14884484,0.4970606,0.18631919,0.2653952,-0.40146196,-0.60473454,-0.534122,0.36590672,0.03451194,-0.32057095,0.6583267,-0.69248176,0.15014271,0.3680221,-0.7754444,-0.973271
114,-0.59084207,-0.3101756,-0.55865383,-0.17471935,-0.26016188,-0.041630805,0.95839065,0.25784904,0.052327253,-0.5026088,-0.47479174,-0.55198,-0.33493835,-0.08376494,0.1720302,0.45711035,0.141534,0.46293998,0.23022288,0.24470195,-0.35334265,-0.537054,-0.54974747,0.37908337,0.07642094,-0.32423168,0.64749235,-0.6616368,0.2158394,0.31294572,-0.8061013,-1.0253607
115,-0.57212055,-0.41244978,-0.48102546,-0.1781335,-0.2965898,-0.056471378,0.82441777,0.19680595,0.011068046,-0.49624482,-0.46605676,-0.6036706,-0.32703725,0.012812994,0.06828163,0.5374885,0.13268314,0.4597256,0.14170139,0.24842072,-0.37279755,-0.5407232,-0.46397972,0.30101463,-0.0210435,-0.28216648,0.5771957,-0.6667993,0.09415874,0.36147326,-0.64579046,-0.81812644
116,-0.43260303,0.37151963,-0.8412109,-0.23799047,-0.13724773,0.3532863,1.030986,0.42826545,0.16488025,-0.13092759,-0.06512316,0.29739043,-0.07319942,-0.44199148,0.81373847,-0.16760209,-0.08099103,0.32154778,1.0166912,-0.05449203,0.1503318,0.42487216,-1.0186683,0.81638414,0.53768647,-0.53315365,0.83101463,-0.49061516,0.9201746,-0.18295392,-1.8925723,-1.9756421
117,-0.64059377,-0.47328952,-0.53333855,-0.20524171,-0.32359067,-0.06761256,0.90329725,0.22106321,0.022138976,-0.5627701,-0.52040625,-0.6683143,-0.36840603,0.022067972,0.10045045,0.59150594,0.14669387,0.51081717,0.15473598,0.27656886,-0.42133722,-0.6163378,-0.51440924,0.34554175,-0.009206554,-0.31658864,0.65203005,-0.71707124,0.09793444,0.39143774,-0.7337333,-0.9024232
118,-0.42166984,0.3699719,-0.8227928,-0.22700056,-0.12741391,0.34048912,1.0109991,0.41598952,0.16082013,-0.12765294,-0.06451026,0.2829431,-0.07589007,-0.43799052,0.78816766,-0.15946198,-0.07814525,0.31180605,0.9859835,-0.048737805,0.14488713,0.40667656,-0.987045,0.7895179,0.52312714,-0.52251315,0.80998904,-0.48501086,0.8976607,-0.17573103,-1.8308426,-1.9233373
119,-0.41609427,0.3658839,-0.81438106,-0.2230744,-0.121758424,0.33188707,0.9989442,0.4116492,0.15764147,-0.12783778,-0.06831867,0.27125058,-0.07765852,-0.43470064,0.7726461,-0.1534246,-0.074554116,0.3076966,0.970843,-0.045032088,0.14116135,0.39485064,-0.9734063,0.77627254,0.51174253,-0.51908123,0.80150926,-0.48500437,0.8864603,-0.17130405,-1.7988359,-1.8960282
120,-0.404192,0.35186446,-0.7855964,-0.20427674,-0.10799028,0.30613127,0.97842425,0.39645493,0.14589152,-0.13440254,-0.0840624,0.22846669,-0.0891315,-0.42553887,0.72005516,-0.13027433,-0.061794695,0.29870036,0.91054803,-0.024066884,0.11773907,0.33938727,-0.92320555,0.7292536,0.48112932,-0.50249785,0.7739709,-0.4866617,0.8446393,-0.15152195,-1.6906193,-1.8086072
121,-0.40028384,0.084089674,-0.6280779,-0.13416348,-0.10992052,0.09834031,0.90955955,0.31451458,0.07018813,-0.2743865,-0.28155425,-0.17749128,-0.19851267,-0.2820264,0.34688163,0.12929797,0.062340643,0.32349154,0.4842238,0.1405555,-0.115214795,-0.13586333,-0.6452898,0.46541807,0.23735774,-0.38189638,0.63767225,-0.55887437,0.5124945,0.05542563,-1.0250155,-1.2632803
122,-0.43927974,0.37400824,-0.8575975,-0.24937966,-0.14548726,0.36474362,1.0428327,0.43825284,0.16996022,-0.13077044,-0.062006176,0.31423584,-0.06791161,-0.44492218,0.83854026,-0.17667489,-0.08521101,0.32818168,1.0475312,-0.06345782,0.160323,0.44913134,-1.0469337,0.8416297,0.5501241,-0.5426647,0.8477647,-0.49331716,0.9417976,-0.19151914,-1.9481527,-2.0215836
123,-0.32794818,0.32220244,-0.713164,-0.18212979,-0.05916178,0.23634887,0.81730306,0.3498305,0.13072118,-0.10426647,-0.08472245,0.170677,-0.07428652,-0.3912196,0.60406166,-0.093747616,-0.044162955,0.24334434,0.8081004,-0.033204548,0.13084622,0.31383976,-0.8075734,0.6271978,0.3724714,-0.47409856,0.68162376,-0.46430132,0.7607171,-0.12859672,-1.419347,-1.5600083
124,-0.40740356,0.27607307,-0.73941153,-0.17130584,-0.09580592,0.23715344,0.982042,0.38241136,0.11259659,-0.1914275,-0.16857518,0.07921132,-0.13728845,-0.39386612,0.5892889,-0.046721365,-0.01027419,0.31104445,0.7647254,0.051581297,0.023608137,0.14786401,-0.83732146,0.63658357,0.4040127,-0.47244132,0.74492383,-0.52535796,0.74340105,-0.08344448,-1.4703869,-1.6412675
125,-0.3248692,0.15842101,-0.6061787,-0.12879452,-0.06998978,0.12215254,0.79448444,0.2907159,0.068987414,-0.18779707,-0.20372628,-0.07386354,-0.14240775,-0.2981168,0.35869622,0.06249916,0.029821645,0.25858906,0.5190625,0.08282615,-0.027433343,0.0087423995,-0.61575115,0.4504121,0.22765586,-0.38236994,0.58573127,-0.50674427,0.54656357,-0.0012738928,-0.98841393,-1.2083304
126,-0.3278138,0.3220546,-0.71291536,-0.18198833,-0.059077535,0.23614815,0.81707627,0.34967715,0.13062492,-0.10428705,-0.08482311,0.17036994,-0.07433831,-0.3911077,0.6036182,-0.093560174,-0.04407352,0.24324664,0.80758846,-0.033072527,0.13069075,0.31345853,-0.807134,0.62681323,0.37218738,-0.47393554,0.68135697,-0.46428657,0.7603624,-0.1284378,-1.4184175,-1.5592297
127,-0.4492109,0.37059432,-0.8707168,-0.25624084,-0.15271099,0.37146226,1.061499,0.448999,0.17027394,-0.13822809,-0.06997197,0.3155819,-0.069180645,-0.44676444,0.85133255,-0.17809668,-0.08351824,0.337623,1.0641481,-0.062149774,0.15781102,0.4499542,-1.0691278,0.858298,0.55691737,-0.550569,0.8653464,-0.5019828,0.9552444,-0.19322988,-1.9868311,-2.0563068
128,-0.30951813,0.3363576,-0.69799656,-0.17381488,-0.05185143,0.23576224,0.7897005,0.33458605,0.13705479,-0.08505153,-0.061679166,0.18924432,-0.06385729,-0.3904632,0.60415643,-0.101617575,-0.05369964,0.22581285,0.79815054,-0.04509506,0.14892939,0.3358973,-0.779472,0.61369526,0.37249672,-0.46125576,0.6552627,-0.4422667,0.7521848,-0.13481624,-1.3824683,-1.5251952
129,-0.6040129,-0.40283674,-0.5249905,-0.18824065,-0.29393065,-0.057303987,0.89592236,0.22514705,0.028709851,-0.52365124,-0.48980862,-0.612203,-0.34565756,-0.014296912,0.11234935,0.53208065,0.14192404,0.47894862,0.17264193,0.2580106,-0.38452652,-0.56901574,-0.50918454,0.34232262,0.013552854,-0.3072602,0.62622476,-0.6827011,0.13307473,0.35703337,-0.72641224,-0.9135759
130,-0.60328734,-0.38949877,-0.54165,-0.19090134,-0.28691787,-0.05171346,0.9080102,0.23499183,0.02930656,-0.52166766,-0.49061063,-0.6028727,-0.34547257,-0.025343716,0.1261519,0.521097,0.14317364,0.4794129,0.18857312,0.25832415,-0.38011238,-0.56130886,-0.52591676,0.35597023,0.024442697,-0.31778893,0.64012927,-0.68757546,0.15208657,0.34425867,-0.7543397,-0.94274294
131,-0.48593876,-0.29476663,-0.45410964,-0.14716089,-0.24023862,-0.032994464,0.763208,0.188848,0.006637946,-0.40768307,-0.39583498,-0.49490452,-0.27472427,-0.035044372,0.07255362,0.4340656,0.115754634,0.39192703,0.16566774,0.2060324,-0.29679835,-0.43007892,-0.4350507,0.2789642,0.00024858676,-0.2618759,0.5124833,-0.6021609,0.14568688,0.28972933,-0.5995834,-0.7881547
132,-0.5762261,-0.24119496,-0.60552454,-0.17430456,-0.23280038,-0.015557917,0.9977942,0.2908008,0.05890189,-0.4836877,-0.46518782,-0.5000603,-0.32507727,-0.13250282,0.22434539,0.40113452,0.1391801,0.45623255,0.29425845,0.24018282,-0.3264501,-0.49249095,-0.604293,0.42136237,0.123883486,-0.35414508,0.6850969,-0.66528976,0.29090023,0.26310188,-0.90354764,-1.1306427
133,-0.5163893,-0.35256496,-0.4454692,-0.15524621,-0.26816937,-0.045935705,0.76862717,0.18112907,0.0048137605,-0.44104812,-0.4204431,-0.5438026,-0.29315338,-0.004060738,0.054021254,0.48393616,0.12088865,0.41613114,0.14060292,0.2212027,-0.32921657,-0.47664306,-0.42907476,0.27166286,-0.021309977,-0.2580929,0.5212042,-0.6219418,0.10546099,0.32817686,-0.5875099,-0.7656969
134,-0.616526,-0.39297646,-0.55694115,-0.19557516,-0.2888267,-0.052083716,0.93103486,0.2439809,0.033558294,-0.5339378,-0.5011515,-0.61040795,-0.35327345,-0.030496381,0.1394423,0.52490026,0.14656326,0.48876607,0.19804949,0.26304752,-0.38729024,-0.57407665,-0.5419485,0.3697286,0.03336201,-0.3272937,0.6591346,-0.69650966,0.1618453,0.34538466,-0.7828839,-0.97300595
135,-0.5400433,-0.3260704,-0.485492,-0.16041383,-0.26039872,-0.045984633,0.84053624,0.20961021,0.026617542,-0.46043393,-0.4366866,-0.54075444,-0.30669442,-0.039760143,0.100090116,0.46523315,0.12826551,0.4285521,0.17394039,0.22724402,-0.33278292,-0.4953766,-0.47102106,0.31136304,0.019084772,-0.2792547,0.5625351,-0.6294019,0.15087831,0.31896448,-0.66244864,-0.8634068
136,-0.29765764,0.33782753,-0.6846503,-0.16629022,-0.046458036,0.22976282,0.77120763,0.3239484,0.13702907,-0.0778142,-0.055193022,0.1881584,-0.060799126,-0.38663098,0.59181917,-0.09934202,-0.05504145,0.21566564,0.7793808,-0.046482332,0.15237668,0.33397755,-0.75502425,0.5971804,0.36402526,-0.45120448,0.6365855,-0.4325973,0.73868155,-0.13300973,-1.3400787,-1.4881501
137,-0.5788712,-0.4211443,-0.48835295,-0.18233374,-0.29994276,-0.056568213,0.8302815,0.19949569,0.010066584,-0.5027499,-0.47209105,-0.61109704,-0.33124945,0.015862383,0.070443854,0.5449844,0.13416061,0.46589112,0.14332722,0.25227195,-0.3783163,-0.5470848,-0.47049284,0.3062308,-0.021679377,-0.28757176,0.5866615,-0.6751504,0.09371561,0.3639456,-0.6563942,-0.8259196
138,-0.5516404,-0.3656798,-0.49774444,-0.17488231,-0.27350497,-0.044193573,0.8285459,0.20884876,0.01188264,-0.47266194,-0.4507207,-0.56542915,-0.3146926,-0.014578931,0.088018924,0.49742785,0.13116713,0.4439956,0.16787781,0.23929381,-0.34881425,-0.50499624,-0.47947708,0.31481323,-0.00067502074,-0.29160395,0.5803479,-0.6577238,0.13205244,0.327946,-0.67170745,-0.85159254
139,-0.3170814,0.3268009,-0.7023034,-0.17623988,-0.054402675,0.23316234,0.8006365,0.34040684,0.13224235,-0.095236965,-0.07523212,0.17514864,-0.069893666,-0.3892709,0.5975231,-0.09490332,-0.047400784,0.2334922,0.7961058,-0.037054185,0.1373052,0.31918803,-0.78794193,0.6151844,0.36818555,-0.4657254,0.6651694,-0.4536272,0.7516454,-0.12928921,-1.3883674,-1.5321473
140,-0.57765734,-0.41415566,-0.4919951,-0.18211997,-0.29667872,-0.05532655,0.83441824,0.20225064,0.011409,-0.50102204,-0.47110096,-0.6064419,-0.33050653,0.010729514,0.075046554,0.53916794,0.13446724,0.46447593,0.14780629,0.25139433,-0.3756028,-0.54408157,-0.4741307,0.30965966,-0.017162887,-0.2893552,0.58870286,-0.6739405,0.10033535,0.35953003,-0.66269207,-0.83446455
141,-0.4680238,0.37919444,-0.91573703,-0.2850801,-0.1799744,0.4067168,1.1031519,0.47433987,0.18596774,-0.1377177,-0.057745013,0.3665656,-0.05394403,-0.455607,0.9232244,-0.2037698,-0.0976437,0.35637957,1.146438,-0.085712194,0.1847333,0.5169971,-1.1430631,0.9282232,0.5973172,-0.5716823,0.90911543,-0.50701755,1.0141662,-0.21616608,-2.1403797,-2.1863499
142,-0.70593053,-0.533124,-0.5796947,-0.22913632,-0.34853983,-0.07896509,0.97584313,0.24106427,0.032118782,-0.6261904,-0.5708514,-0.7300513,-0.40717182,0.03148385,0.13196597,0.64313626,0.15883332,0.55800647,0.16694032,0.29956073,-0.46724793,-0.68927884,-0.5582962,0.385579,0.001722442,-0.3473188,0.72050136,-0.7603619,0.101955116,0.41960853,-0.81374764,-0.977663
143,-0.535704,-0.3406217,-0.4830823,-0.1644857,-0.26377955,-0.04353457,0.8193819,0.20417751,0.01601047,-0.45682293,-0.4359404,-0.54527295,-0.30477962,-0.025642022,0.0872281,0.47606468,0.12726915,0.42903012,0.16721596,0.2293281,-0.33437398,-0.48905304,-0.46626496,0.30518064,0.004955871,-0.28006873,0.55974454,-0.63695383,0.13832088,0.3196028,-0.65148103,-0.84030914
144,-0.6567009,-0.49799287,-0.538773,-0.21149625,-0.3343776,-0.0719026,0.9122345,0.22126774,0.02189859,-0.57936954,-0.53310806,-0.6895002,-0.3781837,0.032758623,0.099950194,0.6125027,0.14872615,0.523778,0.15045299,0.28347725,-0.43571523,-0.63650274,-0.5188526,0.34941438,-0.014270252,-0.3212908,0.6645574,-0.7296987,0.08832227,0.40431243,-0.7417372,-0.9055766
145,-0.40954024,0.3627402,-0.81233656,-0.2260994,-0.117176555,0.32611758,0.981361,0.41109535,0.15732862,-0.1247871,-0.06890678,0.2683712,-0.07446266,-0.43157572,0.7670972,-0.15220594,-0.07316522,0.3037535,0.97216123,-0.049570348,0.14686452,0.4005908,-0.97243375,0.77398276,0.50141644,-0.5215603,0.7984289,-0.4848777,0.885397,-0.17219302,-1.7882557,-1.8838785
146,-0.32787198,0.32212806,-0.7130296,-0.18205394,-0.05911519,0.23624268,0.817174,0.3497462,0.13067228,-0.10427134,-0.08476915,0.17052089,-0.074310325,-0.39116043,0.60382867,-0.09365144,-0.04411834,0.24328798,0.8078303,-0.033139568,0.13077047,0.31364706,-0.80733615,0.6269926,0.37232065,-0.47401068,0.68147683,-0.46428803,0.7605292,-0.12851503,-1.4188493,-1.5595895
147,-0.40989324,0.35821754,-0.82193226,-0.23621053,-0.11815659,0.32621756,0.97529763,0.41940835,0.15860373,-0.12576884,-0.07297622,0.27016526,-0.070588455,-0.43046746,0.774949,-0.1539233,-0.07168141,0.30691272,0.99189335,-0.056480575,0.15415166,0.41355878,-0.9917197,0.7872821,0.49736896,-0.5318968,0.8093378,-0.49071676,0.8976792,-0.1760788,-1.8135103,-1.9025619
148,-0.31417957,0.31777006,-0.6941941,-0.1717402,-0.052167714,0.2246584,0.79522806,0.3363686,0.12699609,-0.09932232,-0.083492115,0.15880066,-0.07363668,-0.38428292,0.5784291,-0.08540733,-0.041902367,0.23224193,0.77576214,-0.02945609,0.12774754,0.2993131,-0.7736798,0.60098535,0.35577434,-0.46072713,0.6579278,-0.45663533,0.73780257,-0.12147957,-1.3543952,-1.5043368
149,-0.40160492,0.33989167,-0.7739336,-0.19652309,-0.10288712,0.29215628,0.97339886,0.39204675,0.1387858,-0.14248946,-0.09831373,0.20113525,-0.09718298,-0.41993997,0.6923703,-0.11558317,-0.05251867,0.29794773,0.88064057,-0.010565955,0.10164263,0.30471373,-0.9028159,0.70797276,0.46412244,-0.49618864,0.76516706,-0.4922817,0.82420033,-0.13937765,-1.6408938,-1.7695464
150,-0.40281296,0.36318094,-0.79365075,-0.21111867,-0.11112883,0.3171442,0.9754198,0.3977625,0.15318714,-0.124081366,-0.06785809,0.25481477,-0.07994314,-0.42941844,0.7435342,-0.14388281,-0.071284115,0.2964534,0.93620414,-0.038949262,0.1357576,0.37504503,-0.9375025,0.746176,0.49426094,-0.5067031,0.7774296,-0.47867903,0.86113274,-0.16310707,-1.7281032,-1.8362745
151,-0.43655023,0.38910988,-0.8817718,-0.2717947,-0.15736826,0.38656965,1.0377957,0.44558737,0.18810119,-0.1124763,-0.031009588,0.3681814,-0.046232805,-0.44925904,0.89278084,-0.20285249,-0.10370757,0.328187,1.1120275,-0.09762861,0.20162925,0.52988803,-1.0876313,0.88742226,0.5761918,-0.5542488,0.86032146,-0.4808301,0.98182297,-0.21578118,-2.0412202,-2.0927541
152,0.50476503,-0.37635434,2.2603588,-0.5778416,1.4215192,-1.9318762,-1.6551615,-0.93668777,-0.6343673,-2.112605,-0.748475,-0.48008633,0.16589889,0.8602146,0.6379611,-0.45837793,0.049079258,-0.69395924,-0.5766849,2.3875186,-0.11466033,-0.30330595,0.38386846,-0.48229322,-0.52089065,2.326307,-0.8185664,2.7032058,-2.8927703,-0.5046011,0.38912827,1.7474152
153,0.33144543,-0.25587618,1.867593,-0.46489725,1.1519722,-1.5658023,-1.3255523,-0.76309025,-0.5387667,-1.7628103,-0.63732433,-0.3637405,0.1025523,0.7214016,0.52621406,-0.37093684,0.0330042,-0.52802116,-0.4808787,1.989656,-0.06718201,-0.28284445,0.33371368,-0.41561002,-0.4656277,1.8956511,-0.648513,2.2544198,-2.4179134,-0.4550543,0.31494325,1.44202
154,0.47909787,-0.35430694,2.1974745,-0.5598325,1.3802372,-1.8719873,-1.604662,-0.9080686,-0.61669856,-2.0559661,-0.72883165,-0.46207973,0.15614021,0.83581287,0.61801773,-0.4455664,0.050685186,-0.66863525,-0.5621871,2.3220625,-0.108040996,-0.29888007,0.3747988,-0.47215366,-0.5129423,2.2555575,-0.7910363,2.6286197,-2.8139503,-0.49296272,0.37435126,1.6979223
155,0.3439888,-0.24257657,1.8686488,-0.4707425,1.1677765,-1.56052,-1.3419883,-0.7563322,-0.51977617,-1.7543765,-0.62688136,-0.3700717,0.105771266,0.70927453,0.50736994,-0.37859577,0.06228471,-0.537128,-0.48571527,1.9787598,-0.07765163,-0.27462777,0.32330093,-0.41447663,-0.47034377,1.8854609,-0.648553,2.232367,-2.398495,-0.43107882,0.29814273,1.4411827
156,0.42775634,-0.31081668,2.0721447,-0.52487296,1.2986443,-1.752851,-1.5043539,-0.8505378,-0.5805544,-1.9421564,-0.6897221,-0.42656627,0.1368584,0.78733885,0.5770349,-0.4200586,0.054708917,-0.61830336,-0.53321713,2.1913605,-0.09564588,-0.28980955,0.35594097,-0.45112658,-0.49697804,2.1144044,-0.7363489,2.4787598,-2.656151,-0.46938294,0.34492248,1.5996096
157,0.29522657,-0.29978615,1.8607863,-0.45573798,1.102286,-1.574419,-1.2765392,-0.7851619,-0.6003526,-1.7924107,-0.670951,-0.3455984,0.09735189,0.75978905,0.5808864,-0.3449555,-0.05564819,-0.50436425,-0.46074197,2.0248017,-0.036782417,-0.30468395,0.36601678,-0.41916704,-0.45275995,1.9266315,-0.6468457,2.328548,-2.4761176,-0.53388625,0.36472896,1.442327
158,0.3249481,-0.26205018,1.8655123,-0.4622495,1.1434141,-1.5666175,-1.3165984,-0.7657992,-0.54773885,-1.7658441,-0.6420365,-0.36035872,0.101076074,0.72682506,0.5346367,-0.3668278,0.01899432,-0.52333236,-0.47788417,1.9935975,-0.062097285,-0.28646109,0.3385104,-0.41589937,-0.46326378,1.8990077,-0.64785653,2.2637842,-2.4254522,-0.4666948,0.3226323,1.4412279
159,0.42927903,-0.31212968,2.0758932,-0.5258894,1.3010383,-1.756422,-1.5073168,-0.85228056,-0.58168805,-1.945597,-0.69090945,-0.42760664,0.1374279,0.78880763,0.5783225,-0.4208073,0.054514457,-0.6197895,-0.53407973,2.1952932,-0.095977165,-0.29010472,0.3565419,-0.45176944,-0.4974514,2.1186464,-0.7379827,2.4833088,-2.660922,-0.47013462,0.34583172,1.6025465
160,0.34389138,-0.24253601,1.868459,-0.47068354,1.1676307,-1.5603523,-1.3418108,-0.75625676,-0.519747,-1.7542129,-0.62684005,-0.37001067,0.10573674,0.7092208,0.5073334,-0.3785462,0.06224599,-0.5370384,-0.48566556,1.9785798,-0.07761923,-0.27462813,0.32328552,-0.4144421,-0.47031105,1.8852656,-0.64847106,2.2321694,-2.3982852,-0.43108147,0.29812598,1.4410378
161,0.50469154,-0.37628093,2.260166,-0.57778853,1.4214001,-1.9316902,-1.6550142,-0.9365964,-0.6343053,-2.1124287,-0.74841005,-0.48003402,0.16586936,0.86013407,0.6378909,-0.45834154,0.04909775,-0.693885,-0.5766422,2.3873122,-0.11464498,-0.30328915,0.38383606,-0.48226246,-0.52086765,2.3260856,-0.8184828,2.7029681,-2.8925195,-0.5045545,0.38907528,1.7472632
162,-0.63348824,0.24975984,-0.88100004,-0.09036233,-0.35338575,0.32541233,1.5830406,0.53322345,0.21710695,-0.31552717,-0.19655004,0.08490436,-0.16596568,-0.59084284,0.8693697,-0.035452943,-0.016698625,0.54483074,0.92479825,0.08957076,-0.18031238,-0.022622555,-1.0085865,0.7471034,0.754652,-0.5216323,0.86121637,-0.5646646,0.9122973,0.013486832,-2.002237,-2.259004
163,-0.6463621,0.24485448,-0.8938928,-0.09658801,-0.35629553,0.33045974,1.6037478,0.5431724,0.21612613,-0.32069185,-0.2087833,0.082235135,-0.17080593,-0.5938264,0.8786834,-0.03551389,-0.012564551,0.5504437,0.93449366,0.094091,-0.18663737,-0.027177542,-1.028024,0.75804347,0.7615586,-0.52980566,0.8778657,-0.56995636,0.9240443,0.013128586,-2.036066,-2.286139
164,-0.6267007,0.26703334,-0.8880098,-0.098178975,-0.3476167,0.34030592,1.5718709,0.5295839,0.21448976,-0.30494016,-0.1821794,0.11095834,-0.16219106,-0.59114957,0.88354427,-0.04762457,-0.02416766,0.5370282,0.94290024,0.08310969,-0.16333427,0.012480333,-1.017662,0.7587932,0.75985616,-0.52114904,0.8644604,-0.56081533,0.92236143,-0.002320908,-2.0246613,-2.27136
165,-0.6287489,0.2680489,-0.8915297,-0.09917038,-0.35023418,0.34281936,1.5768849,0.5314947,0.21562271,-0.30488324,-0.18114065,0.1141451,-0.16152263,-0.5937566,0.8888698,-0.04888263,-0.02475113,0.5389249,0.94826776,0.08210166,-0.16319741,0.016085848,-1.0222293,0.7621797,0.76428294,-0.52266526,0.86688554,-0.5610267,0.92671394,-0.0036185458,-2.0354354,-2.2812607
166,-0.67196447,0.25945365,-0.94096434,-0.11413776,-0.38246357,0.36525932,1.6627585,0.5677073,0.22604823,-0.31883407,-0.20052849,0.12375888,-0.16509745,-0.6220046,0.9447537,-0.053399455,-0.018735912,0.56934047,1.003036,0.08400968,-0.18182626,0.02218385,-1.0910435,0.80488867,0.8124075,-0.5496458,0.9149876,-0.57375795,0.9806538,-0.0075128973,-2.1761754,-2.4091287
167,-0.6911304,0.25409788,-0.9622349,-0.120585494,-0.39654052,0.3737388,1.7006892,0.5838116,0.23067494,-0.32596654,-0.21074648,0.12564363,-0.1670923,-0.6339226,0.9678885,-0.05435333,-0.015235249,0.582635,1.0254563,0.085507974,-0.19086212,0.022322029,-1.1206715,0.8227636,0.8323128,-0.5614227,0.9363307,-0.5796318,1.0038388,-0.0082584545,-2.2356849,-2.463523
168,-0.7490397,0.23367663,-1.0250075,-0.13871673,-0.4407627,0.39488012,1.8165718,0.6328023,0.24638903,-0.3501214,-0.24403943,0.1253501,-0.17297772,-0.6703417,1.0350331,-0.054128047,-0.0029617287,0.6235699,1.0894446,0.09075336,-0.22045854,0.0166035,-1.2070934,0.87333983,0.890957,-0.59653723,0.9993563,-0.59758735,1.0731071,-0.0075302348,-2.408589,-2.6242766
169,-0.6909707,0.25468987,-0.96255815,-0.12084039,-0.39650226,0.3742788,1.7004911,0.5837386,0.23066767,-0.32562867,-0.21021086,0.12662077,-0.1669226,-0.63402426,0.96853906,-0.054781575,-0.015503097,0.5824634,1.0262191,0.085213676,-0.19030088,0.02358973,-1.1210953,0.823273,0.832621,-0.5614226,0.936489,-0.5795054,1.0042787,-0.008776955,-2.2367256,-2.464243
170,-0.6715515,0.25920802,-0.94016075,-0.11375999,-0.38217542,0.3646604,1.6618953,0.567313,0.22596192,-0.31886438,-0.20056829,0.12307742,-0.16513452,-0.62165326,0.94372547,-0.053079348,-0.01867133,0.5691207,1.0019428,0.084128246,-0.1819689,0.021347582,-1.0899411,0.8040609,0.8117012,-0.5493181,0.9142738,-0.5736749,0.979741,-0.0071275607,-2.173886,-2.4072237
171,-0.6487285,0.2628977,-0.91303504,-0.10567292,-0.36386976,0.35194287,1.6154925,0.54794925,0.2196449,-0.31187853,-0.19184165,0.11605756,-0.16406485,-0.60551643,0.9119496,-0.05007453,-0.021254804,0.55257076,0.97075385,0.08411044,-0.17286348,0.015563995,-1.0526015,0.7804957,0.784489,-0.5349548,0.88882005,-0.5673057,0.949586,-0.00432612,-2.0963619,-2.3363903
172,-0.5086551,-0.20971128,-0.5100655,-0.13760647,-0.2183119,-0.02642308,0.8896571,0.23750927,0.05206065,-0.42048603,-0.402859,-0.45737135,-0.28438878,-0.11779167,0.16169165,0.37046292,0.11876464,0.39959005,0.23569396,0.20289281,-0.2858774,-0.43896094,-0.50030774,0.34223238,0.08624494,-0.29078567,0.5676415,-0.5944258,0.24377196,0.26345676,-0.7268256,-0.96633697
173,-0.67165977,0.25914842,-0.9402526,-0.11375856,-0.382296,0.36466804,1.6621337,0.5674027,0.2260143,-0.31891948,-0.20061578,0.12304345,-0.1651324,-0.6217436,0.9438352,-0.053055312,-0.01864897,0.56922674,1.0020356,0.08413319,-0.18205637,0.021287516,-1.0900568,0.80411696,0.81182754,-0.54937536,0.9143451,-0.5737053,0.9798461,-0.007092193,-2.1741483,-2.4075089
174,-0.505328,-0.2032188,-0.511397,-0.13671793,-0.21562502,-0.024574688,0.8895632,0.2385812,0.052386135,-0.41701075,-0.4001254,-0.45189068,-0.28238422,-0.12125326,0.16426773,0.36511588,0.11783603,0.3974002,0.23924226,0.20156685,-0.28236043,-0.43344858,-0.50157946,0.34344956,0.08909576,-0.29147428,0.56739616,-0.592821,0.2485795,0.25921443,-0.7295587,-0.9700744
175,-0.6400925,0.2612321,-0.900568,-0.10379275,-0.35125163,0.34461772,1.5935838,0.5400272,0.21385518,-0.31079623,-0.19533472,0.10704219,-0.1670737,-0.59422326,0.8923443,-0.04713082,-0.019559454,0.5433152,0.9518773,0.087847024,-0.17070785,0.0059669465,-1.0370427,0.76952106,0.7666005,-0.5294539,0.881295,-0.5664337,0.9337421,-0.0017680824,-2.0578783,-2.2984474
176,-0.32351792,0.21624447,-0.63070625,-0.13331473,-0.06267794,0.15422958,0.81449836,0.3052301,0.08599242,-0.16509646,-0.17017184,-0.005877614,-0.12725052,-0.331721,0.4234942,0.015068699,0.008012649,0.2513942,0.5881914,0.059443388,0.011564237,0.08062154,-0.6567139,0.49100253,0.27477875,-0.4019367,0.60818285,-0.49241427,0.6056681,-0.03623887,-1.0923727,-1.3028744
177,-0.76604635,0.23068106,-1.047088,-0.14636743,-0.45439216,0.40465227,1.8517793,0.6478371,0.25139493,-0.35602352,-0.25164035,0.13106114,-0.17379045,-0.6822086,1.0603194,-0.05657303,-0.00048996136,0.63506293,1.1144133,0.09067039,-0.22596282,0.022876948,-1.2372456,0.89274716,0.9108668,-0.60742813,1.0207388,-0.6026093,1.0980704,-0.010630079,-2.4694016,-2.679337
178,-0.6335858,0.24984491,-0.8812015,-0.09043204,-0.3535072,0.32557657,1.5832888,0.53332293,0.21715575,-0.31550565,-0.19647984,0.08511442,-0.16592777,-0.5909788,0.86967343,-0.035541777,-0.01674058,0.54491484,0.9251146,0.08951536,-0.18027821,-0.022372931,-1.0088514,0.7473046,0.75489366,-0.52171683,0.861359,-0.56467366,0.91254926,0.013385341,-2.0028558,-2.2595534
179,-0.7320056,0.23805977,-1.0045825,-0.13189438,-0.42795947,0.38662103,1.7822076,0.6180711,0.2418912,-0.34365657,-0.23505343,0.1223879,-0.17149052,-0.65936446,1.0125514,-0.05274618,-0.0060618035,0.6121199,1.0674871,0.089878336,-0.21359879,0.014097095,-1.1789435,0.8559415,0.8726687,-0.58581436,0.97892815,-0.5923965,1.0503249,-0.0058147535,-2.3523884,-2.5732322
180,-0.79672813,0.22506027,-1.0877204,-0.16095722,-0.47862804,0.4224349,1.9154692,0.67520946,0.2603202,-0.36727604,-0.26628482,0.1413885,-0.1755245,-0.7030945,1.106464,-0.061116453,0.0043707453,0.65526944,1.1599454,0.090685725,-0.23524955,0.034633666,-1.2928457,0.9288433,0.946137,-0.6271702,1.0608958,-0.6120484,1.1439637,-0.01652164,-2.5802522,-2.7792528
181,-0.42227134,-0.033568084,-0.56571674,-0.12752074,-0.14516608,0.039220005,0.8781716,0.27303007,0.056096263,-0.32212284,-0.32642016,-0.29537708,-0.22805178,-0.2101436,0.24698873,0.22560549,0.0877423,0.34243044,0.358156,0.16747276,-0.18226646,-0.2613321,-0.558646,0.39333028,0.16319379,-0.3302408,0.5841463,-0.56525713,0.38896602,0.13700637,-0.84614193,-1.0943424
182,-0.703939,0.23763254,-0.96504915,-0.12043639,-0.39865795,0.3661938,1.7194918,0.5926532,0.22978683,-0.33757254,-0.23219834,0.10313907,-0.17469418,-0.633038,0.96097565,-0.045654017,-0.0060840137,0.58962405,1.0163343,0.09498963,-0.20653129,-0.007937476,-1.1269019,0.82081217,0.82962066,-0.5676769,0.94686073,-0.58625436,1.003523,0.0023102984,-2.2389722,-2.4675608
183,-0.6465449,0.24428536,-0.8935868,-0.096267365,-0.3565289,0.32991567,1.6040534,0.5432411,0.21625647,-0.32101804,-0.20916915,0.08138349,-0.17088881,-0.59383756,0.8781882,-0.035096828,-0.012347031,0.5507057,0.93384486,0.09424716,-0.1871868,-0.028342113,-1.027599,0.75758135,0.7613885,-0.5297836,0.87763757,-0.5700427,0.92365223,0.0136916265,-2.0351522,-2.2856212
184,-0.646366,0.24432296,-0.89339566,-0.096244626,-0.35633373,0.32983583,1.6036583,0.5430891,0.2161745,-0.3209605,-0.20913558,0.08133534,-0.17090407,-0.59367454,0.8779291,-0.035084892,-0.012356404,0.5505422,0.9336048,0.09426716,-0.18709238,-0.0283629,-1.027345,0.7574268,0.7611369,-0.529675,0.8774859,-0.57000345,0.92342246,0.013685845,-2.0345721,-2.2850492
185,-0.49119315,0.17146134,-0.7028924,-0.09855192,-0.17379355,0.17153978,1.1928478,0.3938116,0.13139558,-0.3099784,-0.2647147,-0.09507241,-0.21049654,-0.39777952,0.5313279,0.05884606,0.032548036,0.4000602,0.6211803,0.14343417,-0.14488554,-0.15191299,-0.762419,0.56754273,0.43359286,-0.4217797,0.73034173,-0.56185114,0.6490609,0.05507195,-1.3556617,-1.6238247
186,-0.7973403,0.22480848,-1.088382,-0.16106322,-0.4793099,0.42256495,1.916827,0.67573804,0.26063696,-0.3675321,-0.26650742,0.14135936,-0.17548606,-0.70364094,1.107252,-0.061045382,0.004470635,0.6558093,1.1606714,0.09066628,-0.23562531,0.034586653,-1.2936637,0.92930245,0.94691193,-0.62751466,1.0614004,-0.61221397,1.1447484,-0.016454287,-2.582053,-2.781105
187,-0.76518035,0.23383611,-1.0489397,-0.14788765,-0.45402908,0.4076151,1.8507035,0.6474901,0.25118974,-0.354355,-0.24909872,0.13624367,-0.17302442,-0.6824634,1.063744,-0.058883686,-0.0017857887,0.6340336,1.1184611,0.08925453,-0.22290418,0.02962412,-1.239797,0.8957811,0.9122015,-0.60734415,1.0219685,-0.60209167,1.1003534,-0.013423376,-2.4750288,-2.6831176
188,-0.6643405,0.2441544,-0.91716313,-0.10510918,-0.36844033,0.34346673,1.6393923,0.55866426,0.21959035,-0.32507563,-0.21558212,0.090966046,-0.17223155,-0.6058351,0.90561926,-0.039939772,-0.011039969,0.56203246,0.9618049,0.09435095,-0.19165814,-0.018467695,-1.0606195,0.77917564,0.78327495,-0.5420857,0.90061235,-0.57509136,0.94985306,0.008182116,-2.102805,-2.3445241
189,-0.78072375,0.22992809,-1.0683169,-0.1545358,-0.4660735,0.4153866,1.8825681,0.6611545,0.25559187,-0.3604835,-0.25731018,0.13946617,-0.17421731,-0.69265306,1.0852374,-0.060313944,0.0010858513,0.6444106,1.1394438,0.089817524,-0.22866993,0.032892987,-1.2663721,0.9125107,0.9291353,-0.61716825,1.0413828,-0.606946,1.1221199,-0.015311442,-2.5278099,-2.7310824
190,-0.7812323,0.22754103,-1.0666989,-0.15337163,-0.46605983,0.41306952,1.8829842,0.6612844,0.2556047,-0.3617163,-0.25928822,0.13541317,-0.17486897,-0.69225824,1.0823133,-0.058548305,0.0020846836,0.645016,1.1360694,0.09097576,-0.2309336,0.027635649,-1.2641877,0.91001433,0.9278377,-0.6171676,1.0403392,-0.60730547,1.1201352,-0.01319585,-2.5229464,-2.727571
191,-0.73192024,0.23612401,-1.0025866,-0.13076562,-0.42743054,0.38439423,1.7813944,0.61770624,0.24167284,-0.3445659,-0.2366619,0.118820205,-0.17209491,-0.65848017,1.0092762,-0.051217157,-0.005232502,0.61217135,1.0638332,0.09087457,-0.21524914,0.009465829,-1.1763229,0.85342664,0.87073785,-0.5854524,0.97762054,-0.5926141,1.0478361,-0.0039235577,-2.3464327,-2.5684633
192,0.6019511,-0.43946987,2.47284,-0.6476219,1.5800129,-2.129101,-1.8448302,-1.0252688,-0.6719864,-2.2956023,-0.8038769,-0.5483749,0.20133409,0.931564,0.6802596,-0.50849456,0.078677386,-0.78762716,-0.628998,2.5946078,-0.15259206,-0.30961046,0.40146917,-0.51457024,-0.551844,2.5546772,-0.91129893,2.9302182,-3.136222,-0.5177035,0.41979146,1.9149462
193,0.48182294,-0.3563448,2.2037656,-0.5616922,1.3845545,-1.8779087,-1.6099275,-0.9108494,-0.61823386,-2.0615504,-0.7306556,-0.46395662,0.15714622,0.8381008,0.6197691,-0.44693008,0.05089799,-0.6712658,-0.56368417,2.3284411,-0.10884849,-0.29922292,0.3755792,-0.47316158,-0.51379484,2.262505,-0.79379076,2.6358051,-2.821587,-0.49381518,0.37560627,1.7028626
194,0.6055172,-0.44037247,2.4788077,-0.6502533,1.5859219,-2.1341546,-1.8516239,-1.0272073,-0.67150635,-2.3002765,-0.80461794,-0.5508206,0.20251179,0.9327088,0.6796237,-0.51043427,0.08213785,-0.7909156,-0.6306586,2.5994256,-0.15477028,-0.30911645,0.40105727,-0.51549965,-0.55304986,2.560291,-0.91388375,2.9349518,-3.1413865,-0.51617974,0.41914678,1.9196169
195,0.64766073,-0.4466332,2.5423872,-0.6834091,1.6562821,-2.184267,-1.9309976,-1.045808,-0.6601503,-2.3491936,-0.8092894,-0.5789908,0.21669653,0.9413468,0.6637354,-0.53385913,0.13152152,-0.82986194,-0.6481346,2.6471763,-0.1827578,-0.29977384,0.3923927,-0.52634436,-0.56784296,2.6159713,-0.9413913,2.9798563,-3.1883945,-0.49285418,0.4044808,1.9683291
196,0.40105385,-0.2885116,2.0070145,-0.50722826,1.2566546,-1.6910757,-1.4524432,-0.82040364,-0.56125075,-1.8824424,-0.66942626,-0.40835053,0.12691385,0.76219046,0.555029,-0.4068398,0.05723985,-0.59228444,-0.5181071,2.1232862,-0.089666255,-0.28494975,0.34569702,-0.43974438,-0.48859528,2.0409951,-0.7080903,2.4001794,-2.5737393,-0.4569217,0.32966468,1.548725
197,0.4278489,-0.3108672,2.0723355,-0.52493227,1.298787,-1.753025,-1.504527,-0.8506169,-0.58058804,-1.9423214,-0.68976873,-0.42662755,0.13689107,0.7873986,0.5770747,-0.4201056,0.05473778,-0.6183897,-0.5332653,2.191545,-0.0956784,-0.28981343,0.35595778,-0.4511582,-0.4970076,2.114607,-0.73643273,2.4789622,-2.6563683,-0.46938998,0.34494686,1.599758
198,0.58351886,-0.40928042,2.408439,-0.6331632,1.547863,-2.0633855,-1.8041778,-0.99229974,-0.6432426,-2.2347178,-0.7771686,-0.5337763,0.19313073,0.89915633,0.6475127,-0.49962136,0.09916739,-0.7672492,-0.6156412,2.5201516,-0.15308875,-0.29966018,0.38600677,-0.5049137,-0.54660726,2.4760683,-0.883341,2.8421009,-3.043388,-0.49151218,0.39317873,1.8635603
199,0.6199281,-0.4573218,2.5203488,-0.66160667,1.6106464,-2.1749873,-1.8819273,-1.0468568,-0.68581903,-2.3382056,-0.8195527,-0.5617298,0.20858058,0.95117027,0.69569415,-0.5176581,0.07616256,-0.80604815,-0.63973075,2.64479,-0.15740615,-0.3134522,0.40844345,-0.52164274,-0.55744934,2.6086571,-0.9319622,2.9871824,-3.1965864,-0.5278471,0.4321521,1.952602
200,0.48162666,-0.356116,2.2032094,-0.5615501,1.3842361,-1.8773634,-1.6095294,-0.9105752,-0.61802405,-2.0610282,-0.7304523,-0.4638155,0.15706667,0.8378527,0.6195347,-0.44683555,0.050998304,-0.67106426,-0.56356543,2.3278272,-0.10882572,-0.29916033,0.375468,-0.4730697,-0.5137357,2.2618515,-0.79354775,2.6350832,-2.8208344,-0.49364394,0.37542742,1.7024246
201,0.53264153,-0.40030196,2.3286483,-0.5977919,1.4667538,-1.9969273,-1.7102906,-0.9674908,-0.6530292,-2.1737483,-0.7697061,-0.4998207,0.1765843,0.88667387,0.65897185,-0.47235587,0.047965128,-0.721555,-0.59244186,2.4583855,-0.122250445,-0.30795082,0.39333326,-0.49301094,-0.5295298,2.402962,-0.84850043,2.7835705,-2.977912,-0.5168332,0.4049866,1.8012693
202,0.482169,-0.35657695,2.2045293,-0.5619261,1.3851022,-1.8786203,-1.6105899,-0.9111765,-0.6183967,-2.0622203,-0.73086345,-0.4641925,0.15727088,0.8383626,0.61995524,-0.44710487,0.050963376,-0.6715958,-0.5638696,2.3291996,-0.108962364,-0.29925498,0.37566,-0.47328395,-0.51390296,2.2633355,-0.79412717,2.6366513,-2.8224897,-0.49388587,0.37573677,1.7034638
203,0.72916937,-0.54701686,2.7871666,-0.7501779,1.8014528,-2.4267697,-2.107873,-1.1600876,-0.74306774,-2.570639,-0.89794123,-0.6430471,0.25151327,1.0517881,0.75797886,-0.5755274,0.09602103,-0.9168776,-0.7025556,2.9144478,-0.19867602,-0.32704803,0.4355201,-0.5607528,-0.5931249,2.9009364,-1.0465266,3.2857282,-3.5138474,-0.5610068,0.48284078,2.1634932
204,-0.5215966,-0.36580876,-0.4395064,-0.15565279,-0.27482334,-0.049323,0.7659836,0.17729178,0.0042603463,-0.44734284,-0.42439505,-0.55438566,-0.29624757,0.004135698,0.047469877,0.49529612,0.12122971,0.42028105,0.13291869,0.22354606,-0.33591664,-0.48637375,-0.42418993,0.26687145,-0.027904173,-0.2548604,0.5194574,-0.62421334,0.09393665,0.33793515,-0.5789382,-0.7545984
205,-0.40779993,0.38745093,-0.82109964,-0.2307173,-0.12562478,0.3482072,0.98530644,0.40564921,0.17243576,-0.105435446,-0.031914275,0.31922236,-0.060611144,-0.4397249,0.8091606,-0.17613333,-0.09355059,0.29879537,1.0053904,-0.0726804,0.17533493,0.45823848,-0.983247,0.79712296,0.5341285,-0.5189005,0.7950615,-0.4636681,0.9062981,-0.19017315,-1.8421249,-1.9250205
206,-0.4712918,0.38137928,-0.9222003,-0.28850845,-0.18468463,0.4129378,1.1114938,0.4773412,0.18858531,-0.13743141,-0.05483527,0.37540263,-0.05190164,-0.4574265,0.9346299,-0.20793478,-0.100323796,0.35916474,1.1576562,-0.08887231,0.18827724,0.5268539,-1.1529919,0.93840224,0.60510325,-0.5736854,0.91500396,-0.5069107,1.0224544,-0.21948227,-2.1632984,-2.2061205
207,-0.62051636,-0.3724251,-0.5490312,-0.18510833,-0.28591588,-0.056798033,0.9555362,0.24675618,0.048667826,-0.5341672,-0.4980143,-0.6019873,-0.3529673,-0.049360238,0.15106831,0.5089588,0.14666201,0.4841445,0.2003068,0.25718808,-0.38449314,-0.58289516,-0.53760964,0.3692723,0.05006084,-0.32005817,0.65219945,-0.67888176,0.17284575,0.35019138,-0.7833508,-0.9908694
208,-0.5898397,-0.3975402,-0.49810266,-0.17837422,-0.29319617,-0.06034223,0.8708549,0.21176101,0.02803678,-0.51095325,-0.47647825,-0.60447747,-0.33654174,-0.009583436,0.09549509,0.5269638,0.13761711,0.46651226,0.15724216,0.25017017,-0.37685478,-0.55982983,-0.48365247,0.32111138,0.0037630517,-0.28981695,0.59702426,-0.6648285,0.118115105,0.3615346,-0.6833031,-0.87274885
209,-0.45790818,0.38825667,-0.9098642,-0.28467163,-0.17675073,0.40749198,1.0844388,0.4648383,0.19165125,-0.124224894,-0.038536195,0.38333318,-0.046449594,-0.4556222,0.92792875,-0.21091232,-0.10572693,0.34704155,1.1491666,-0.097601935,0.19972815,0.5416125,-1.132612,0.925596,0.6006151,-0.566522,0.894638,-0.49345693,1.0125057,-0.22198007,-2.1311119,-2.1740742
210,-0.47775802,0.3869814,-0.95455694,-0.31302458,-0.20405029,0.43649992,1.1295364,0.49360445,0.2031585,-0.1321117,-0.039721154,0.41747713,-0.035232484,-0.4613807,0.9886007,-0.2279771,-0.113083676,0.36921626,1.2228067,-0.112866834,0.217445,0.5891068,-1.2052864,0.99078006,0.6315255,-0.58828026,0.9417522,-0.507254,1.0666717,-0.23876268,-2.2714736,-2.296637
211,-0.46354294,0.36611897,-0.89373374,-0.26962557,-0.16505314,0.38361487,1.0884737,0.46675906,0.17251745,-0.14815807,-0.07983672,0.32251188,-0.06843976,-0.44949344,0.87641317,-0.18259625,-0.082513854,0.35207283,1.0969529,-0.06390877,0.1588676,0.45966253,-1.1079687,0.88895094,0.5687107,-0.56436455,0.89412564,-0.5146411,0.9805372,-0.19840914,-2.0555859,-2.116861
212,-0.62745965,-0.34802473,-0.6062169,-0.19843414,-0.27177328,-0.038664535,0.9961111,0.27881408,0.047769964,-0.539844,-0.5103896,-0.5863832,-0.35847124,-0.07479935,0.19434063,0.48966774,0.15165259,0.4956993,0.25177673,0.26419103,-0.38010657,-0.5690019,-0.5980988,0.41590926,0.080155775,-0.35737866,0.7076285,-0.7054536,0.22675173,0.31631657,-0.8840292,-1.087133
213,-0.38323945,0.38800937,-0.8066238,-0.23139113,-0.11038324,0.33280268,0.9298236,0.394775,0.17623143,-0.08792137,-0.019256763,0.3209714,-0.049387798,-0.43242183,0.7955068,-0.17618181,-0.09504235,0.28047422,1.000273,-0.08869149,0.19659111,0.48014197,-0.96258676,0.7820633,0.511492,-0.5162747,0.7711536,-0.4503479,0.89550537,-0.19393736,-1.7929591,-1.87389
214,-0.62443316,-0.45926154,-0.5125122,-0.19593868,-0.31900144,-0.06785739,0.88325715,0.2120411,0.022221573,-0.5473118,-0.5063066,-0.65439165,-0.35827842,0.02054926,0.08908669,0.5793524,0.14287986,0.49713242,0.14600421,0.269,-0.41035533,-0.60192907,-0.4952153,0.32927537,-0.013411144,-0.30251372,0.6271257,-0.6996807,0.09151204,0.38983965,-0.7013376,-0.8738765
215,-0.5726224,-0.34313607,-0.5299848,-0.17791057,-0.26736712,-0.043965943,0.8909769,0.23295085,0.030855335,-0.4901804,-0.46519384,-0.56290835,-0.32669264,-0.04557813,0.12815078,0.48156604,0.13718833,0.4549731,0.19718286,0.24397472,-0.35266066,-0.5228071,-0.51539195,0.3477508,0.034830913,-0.30851758,0.6157129,-0.66261363,0.17099993,0.32081094,-0.73754203,-0.9357989
216,-0.50725037,-0.23332998,-0.54677695,-0.1634602,-0.21618016,-0.011251153,0.8641182,0.2476921,0.027328499,-0.41991103,-0.41442636,-0.46365994,-0.28641793,-0.09909436,0.15806423,0.38757145,0.12386383,0.4090017,0.25303102,0.21621948,-0.28776747,-0.41735944,-0.5333356,0.3614665,0.067952015,-0.32098365,0.6027983,-0.63402367,0.24670321,0.24462777,-0.76766497,-0.97523844
217,-0.31424314,0.3177231,-0.69418013,-0.1717084,-0.05219638,0.22464618,0.79538363,0.33636752,0.12695691,-0.09940886,-0.08357508,0.15868081,-0.07370969,-0.384272,0.5783542,-0.085346654,-0.041869324,0.23229283,0.77563965,-0.029339869,0.12761787,0.29910466,-0.7736363,0.6009371,0.3557884,-0.4606872,0.6579496,-0.4566858,0.7377375,-0.12142424,-1.3543223,-1.5043226
218,-0.6292211,-0.42027706,-0.5342889,-0.19277623,-0.30403906,-0.0645947,0.92751324,0.231396,0.037767194,-0.54730904,-0.5071619,-0.63408893,-0.35969582,-0.0146265775,0.12328709,0.5480816,0.14672844,0.49429166,0.17314965,0.26513857,-0.40146863,-0.6008178,-0.5196396,0.352833,0.0199889,-0.3128862,0.6448345,-0.69136226,0.13232997,0.37307554,-0.74792063,-0.93940526
219,-0.56789654,-0.37381697,-0.47957852,-0.16740839,-0.28307304,-0.057832405,0.84841686,0.20391668,0.02716837,-0.48942247,-0.45769805,-0.58154714,-0.32292625,-0.015917324,0.08776901,0.5060031,0.13260654,0.44865277,0.15392855,0.23870939,-0.36003345,-0.5364014,-0.46640074,0.30684602,0.0026987884,-0.277311,0.57105625,-0.6445545,0.11980273,0.35149747,-0.6540772,-0.8480379
220,-0.32072753,0.33851832,-0.71308064,-0.18244953,-0.057722937,0.2445449,0.8071933,0.34553078,0.13954243,-0.089444384,-0.06365076,0.19746105,-0.06454561,-0.39548635,0.6233184,-0.1075374,-0.05493995,0.23508906,0.82340413,-0.04773805,0.15055138,0.3465753,-0.80679345,0.6343798,0.3847317,-0.47211558,0.6743302,-0.44919923,0.76989156,-0.13976385,-1.4336891,-1.5688918
221,-0.4988986,-0.3204657,-0.4436973,-0.14814578,-0.25327832,-0.040871345,0.76367134,0.18262322,0.0072846934,-0.4226296,-0.4055339,-0.5172919,-0.2825132,-0.02058468,0.06168984,0.45625314,0.117581084,0.4011973,0.15046798,0.21119544,-0.31125358,-0.45317397,-0.42696306,0.27140212,-0.01040039,-0.25539428,0.5103788,-0.60621333,0.12412674,0.30958623,-0.58527124,-0.7711004
222,-0.5505119,-0.39087448,-0.46640676,-0.16943574,-0.28643385,-0.052459344,0.80140793,0.19014935,0.007994406,-0.4749164,-0.44857505,-0.5814489,-0.31390372,0.0076982677,0.061068013,0.51816106,0.12816328,0.44312787,0.14008127,0.23841596,-0.35649604,-0.51608837,-0.4497033,0.28873226,-0.02259024,-0.27244523,0.55496216,-0.65011615,0.096598595,0.34965935,-0.621591,-0.7954838
223,-0.48736656,-0.32419655,-0.4199767,-0.14084926,-0.25458586,-0.042765968,0.7354757,0.16923095,0.0024293214,-0.41331646,-0.3956007,-0.51457393,-0.27546966,-0.010419801,0.044168286,0.45806274,0.11356366,0.39255404,0.13591889,0.20462888,-0.30737382,-0.4466297,-0.4048847,0.25148594,-0.02375169,-0.2412746,0.48648936,-0.59419644,0.10699499,0.3138339,-0.5477717,-0.72906584
224,-0.51827365,-0.36321384,-0.43928102,-0.15528116,-0.27315855,-0.04789269,0.7621127,0.17686173,0.0027162284,-0.44381425,-0.42202362,-0.55093086,-0.29428276,0.0037932023,0.046701245,0.4928066,0.12060472,0.41821527,0.13362113,0.22245032,-0.33348632,-0.48159328,-0.42342532,0.26606706,-0.02838142,-0.2549593,0.5177692,-0.6234358,0.09500146,0.33511412,-0.5776204,-0.7522367
225,-0.6697996,-0.45188582,-0.5723808,-0.20963646,-0.31668386,-0.06788746,0.97879606,0.24967067,0.04311175,-0.5857304,-0.5400784,-0.66822827,-0.3839115,-0.013525076,0.14902304,0.5758055,0.15559748,0.52466524,0.18878648,0.28092209,-0.42874244,-0.6424211,-0.55685306,0.3847927,0.0315959,-0.3381068,0.695727,-0.7226317,0.1435494,0.3843866,-0.8142217,-1.0016448
226,-0.5142937,-0.18631418,-0.5578616,-0.1502778,-0.20822972,-0.00960294,0.9266954,0.26496324,0.05377438,-0.42389685,-0.41186008,-0.44272095,-0.2882934,-0.1410985,0.19850239,0.35304156,0.122120485,0.40921137,0.27977785,0.21259233,-0.28053302,-0.4235488,-0.55065817,0.3809668,0.11490749,-0.3215473,0.6142191,-0.6168761,0.28835684,0.23702246,-0.8132882,-1.0505724
227,-0.6115861,-0.39704162,-0.52534163,-0.18537034,-0.29420882,-0.060849965,0.914468,0.22868387,0.037503563,-0.5296989,-0.49284023,-0.61330277,-0.34900653,-0.023236357,0.12110653,0.5281898,0.143478,0.48060346,0.17510751,0.25728178,-0.3868229,-0.5798601,-0.51144946,0.34597588,0.02292707,-0.30626583,0.62892944,-0.6775762,0.13909762,0.36157915,-0.7337278,-0.9296464
228,0.64873254,-0.44752878,2.5450017,-0.68426865,1.6581458,-2.1867356,-1.9332024,-1.0469407,-0.66073745,-2.3514962,-0.8100671,-0.5797769,0.21710414,0.9423355,0.6643659,-0.5344275,0.13169073,-0.83094645,-0.6487426,2.6498263,-0.18314964,-0.2999185,0.3926756,-0.5267512,-0.5681882,2.6188462,-0.94251627,2.9828248,-3.1915207,-0.4932081,0.40498,1.9703902
229,-0.51683253,0.37636477,-1.0268242,-0.35194018,-0.2508664,0.48115733,1.2229707,0.54454297,0.21480322,-0.15915132,-0.061346497,0.45149076,-0.025793888,-0.47036394,1.0747154,-0.24484718,-0.116379976,0.41098878,1.3237337,-0.12032865,0.2273063,0.63008463,-1.3189787,1.088388,0.6761509,-0.6210015,1.0253963,-0.5410602,1.1470474,-0.25669473,-2.483793,-2.490052
230,-0.5464065,-0.36380702,-0.45846915,-0.15928099,-0.27751806,-0.05555313,0.81487554,0.19196439,0.02077578,-0.46996677,-0.44095716,-0.5663599,-0.31024304,-0.011412166,0.07186975,0.49604738,0.1272978,0.433566,0.14468423,0.2296972,-0.3471814,-0.51464224,-0.44559577,0.28823444,-0.0076073166,-0.26427972,0.5442843,-0.62967956,0.11077379,0.34532684,-0.61740506,-0.8083199
231,-0.66160387,-0.41032872,-0.5833466,-0.20243427,-0.30134946,-0.06102042,1.0019894,0.26257867,0.052421175,-0.57405865,-0.5320818,-0.64037335,-0.37757668,-0.043262564,0.17186016,0.5419418,0.15590301,0.51541513,0.21149021,0.27422762,-0.41398737,-0.62697697,-0.5714909,0.39750424,0.05713041,-0.34315544,0.70073384,-0.71094507,0.17719522,0.36532533,-0.8434071,-1.0442727
232,-0.60087603,-0.44085473,-0.49469978,-0.18729725,-0.31058884,-0.06382991,0.85414153,0.20321743,0.017154962,-0.52483994,-0.48809594,-0.6335676,-0.34422693,0.01945594,0.07659932,0.56287605,0.13803081,0.48034525,0.14085145,0.259957,-0.394415,-0.5759053,-0.47792283,0.31364295,-0.019228855,-0.2910627,0.6018445,-0.68412745,0.088503316,0.37996274,-0.67059183,-0.8428178
233,-0.59012586,-0.4352077,-0.48973677,-0.185146,-0.30708987,-0.06057757,0.8389953,0.19974181,0.012298346,-0.51440513,-0.4805278,-0.6248402,-0.33797523,0.02100014,0.070554666,0.5573969,0.1358285,0.47392035,0.13963738,0.25671872,-0.38777876,-0.5624552,-0.4723123,0.30799735,-0.023435226,-0.2885774,0.59321827,-0.68084985,0.08723763,0.37406224,-0.6600015,-0.8290581
234,-0.39952147,0.3954004,-0.8231956,-0.23646185,-0.12438441,0.35171548,0.96700984,0.40222803,0.18033803,-0.0927316,-0.014210548,0.34024352,-0.050697073,-0.43974128,0.8239795,-0.18588616,-0.10151525,0.29212743,1.0229585,-0.089158,0.19597237,0.49214366,-0.98693824,0.80597967,0.53872466,-0.5200107,0.7894583,-0.45255372,0.9144811,-0.1997996,-1.855717,-1.9305037
235,-0.47947124,-0.31988752,-0.41599035,-0.1390647,-0.2516194,-0.040406324,0.72401625,0.16638646,-0.0010852739,-0.4053342,-0.3896347,-0.50763905,-0.27076837,-0.009645443,0.040342703,0.4536484,0.111724496,0.38733736,0.13512386,0.20149006,-0.3021849,-0.43678543,-0.40000808,0.24693611,-0.026492653,-0.23934948,0.4797958,-0.5907379,0.10655751,0.3091812,-0.53972936,-0.71831346
236,-0.48859993,-0.18853846,-0.5158018,-0.13858569,-0.20597367,-0.016746497,0.8723652,0.23879515,0.046581157,-0.4027358,-0.390446,-0.43593797,-0.2738855,-0.12406696,0.16478854,0.35246098,0.11545126,0.38853288,0.24761377,0.19938605,-0.26879656,-0.40800074,-0.50337005,0.34391618,0.08987844,-0.29380134,0.5644986,-0.5913183,0.25731525,0.24178791,-0.7303404,-0.9667158
237,-0.564848,-0.37200183,-0.47645378,-0.1661085,-0.28220692,-0.05762226,0.8439846,0.20226346,0.026537754,-0.4866998,-0.45525244,-0.57926965,-0.32110637,-0.015574813,0.085684285,0.5043097,0.13188706,0.44641775,0.15265012,0.23735434,-0.35810804,-0.53343314,-0.46337694,0.304202,0.0014953818,-0.27531022,0.5671179,-0.6421514,0.1186696,0.3506704,-0.6487708,-0.84264135
238,-0.64358,-0.42070314,-0.55262667,-0.19738588,-0.3046208,-0.064283885,0.95555717,0.24252404,0.043062225,-0.55936176,-0.5180749,-0.6396992,-0.367806,-0.02318123,0.14033672,0.5492223,0.15036139,0.503728,0.18566242,0.26945174,-0.40825993,-0.613531,-0.53857625,0.3694155,0.0322226,-0.3243388,0.6665163,-0.70021445,0.14666952,0.37246287,-0.7826001,-0.97700983
239,-0.5922722,-0.3108846,-0.56052077,-0.17541051,-0.2604608,-0.041493855,0.9606262,0.25886542,0.05251255,-0.5039271,-0.4760497,-0.55290025,-0.3357959,-0.08405617,0.17333378,0.45777407,0.14191104,0.4640824,0.23131731,0.245374,-0.35421136,-0.5382798,-0.5517136,0.38064644,0.077178925,-0.32547122,0.6497999,-0.66298354,0.21678151,0.31299353,-0.80952513,-1.0285957
240,-0.41752502,0.07545869,-0.6377528,-0.13526863,-0.11847488,0.09685753,0.9444531,0.322966,0.0745258,-0.29351583,-0.29590002,-0.19437891,-0.20941511,-0.2847855,0.35546035,0.13833143,0.06808595,0.33875456,0.48540446,0.1524442,-0.13090137,-0.16264814,-0.6570463,0.47423336,0.25012076,-0.38350847,0.6526069,-0.5678385,0.51355344,0.0639993,-1.0481559,-1.2924148
241,-0.50006473,-0.23624931,-0.48744154,-0.13973127,-0.22442716,-0.03166119,0.84681875,0.21946858,0.0396574,-0.41749987,-0.4000109,-0.4711479,-0.28126562,-0.09076044,0.1310787,0.3905364,0.1185126,0.39519054,0.20911472,0.20301464,-0.28845054,-0.43853167,-0.47438252,0.3186799,0.057891965,-0.27682784,0.5444799,-0.5922006,0.20914684,0.27306837,-0.675834,-0.90243727
242,-0.39445478,0.35100022,-0.77032375,-0.19487663,-0.10172378,0.29680791,0.96362203,0.38552985,0.14345148,-0.13113631,-0.08172075,0.21883196,-0.09024489,-0.4219637,0.70069426,-0.12410836,-0.060681593,0.29054296,0.8852348,-0.01986852,0.114281796,0.3263088,-0.89582664,0.70771027,0.4708576,-0.4918168,0.75528556,-0.48070872,0.8264059,-0.1457443,-1.6399763,-1.7666773
243,-0.3559698,0.25479555,-0.6908637,-0.16091418,-0.06951467,0.19650765,0.8684663,0.34662732,0.100873485,-0.16558376,-0.16081296,0.05304046,-0.12233754,-0.36584795,0.5133912,-0.026094276,-0.004498165,0.2723039,0.6997852,0.03852086,0.037972987,0.14864844,-0.7622121,0.5732236,0.3307812,-0.45136714,0.6813635,-0.50793093,0.68877286,-0.071270876,-1.2981151,-1.4768362
244,-0.5488833,-0.34140873,-0.4806338,-0.16146173,-0.2680902,-0.050855525,0.8424217,0.20657338,0.027586058,-0.46988598,-0.44288203,-0.5542463,-0.3117063,-0.03185965,0.09493359,0.47838625,0.12958467,0.43436855,0.16559038,0.23022136,-0.34161365,-0.50985265,-0.46700156,0.30796263,0.013322951,-0.27654773,0.5625922,-0.6321893,0.13912044,0.33097792,-0.6556205,-0.85531026
245,-0.6422315,-0.47381526,-0.5392058,-0.20728463,-0.32309315,-0.06640367,0.906514,0.22368579,0.021324612,-0.564287,-0.5223491,-0.66883993,-0.36956587,0.02138915,0.103604876,0.5919583,0.14741929,0.51282495,0.15839386,0.27768773,-0.422071,-0.61636925,-0.5198178,0.34991878,-0.007758854,-0.32058102,0.65777963,-0.7210107,0.101421565,0.38915366,-0.74241364,-0.9098834
246,-0.3928869,0.3687728,-0.8301184,-0.25157812,-0.11600948,0.3303693,0.9361895,0.42056486,0.17310616,-0.10288232,-0.046120703,0.3061276,-0.048822664,-0.43045005,0.80380476,-0.17125511,-0.08375238,0.29661036,1.0358696,-0.09021224,0.19456255,0.48078254,-1.0093467,0.8089636,0.49955186,-0.54106855,0.8043266,-0.4762707,0.92010874,-0.19380143,-1.8479593,-1.9210796
247,-0.44035462,0.39142907,-0.8964396,-0.28285244,-0.16549364,0.39668074,1.045843,0.4535431,0.19443482,-0.11053761,-0.025094854,0.3860518,-0.03961125,-0.45122686,0.9168342,-0.2116318,-0.10878384,0.33326286,1.1416429,-0.10811737,0.2138569,0.5564877,-1.1120601,0.91100377,0.5878446,-0.5617802,0.8731246,-0.48147765,1.0016409,-0.2241467,-2.0907524,-2.1336756
248,-0.582361,-0.256734,-0.5855986,-0.1689574,-0.24161722,-0.02626353,0.99453133,0.28011027,0.062235042,-0.48872265,-0.46616325,-0.5136887,-0.32779983,-0.12336633,0.21029717,0.41379806,0.13905282,0.45668125,0.27213383,0.2388382,-0.33492008,-0.51096034,-0.58236206,0.40579253,0.114362925,-0.34076744,0.6682299,-0.65705055,0.26939252,0.28255826,-0.868991,-1.1004957
249,-0.32860687,0.35475993,-0.7318001,-0.1934228,-0.06489445,0.26294246,0.8209705,0.35471052,0.15083015,-0.082244195,-0.046948403,0.23142937,-0.05700374,-0.40457934,0.66471773,-0.12648863,-0.06622779,0.23980373,0.86743075,-0.06366287,0.1697547,0.38818768,-0.83917034,0.666675,0.4115889,-0.48263782,0.69095963,-0.44392845,0.79913855,-0.15558642,-1.5097003,-1.6307927
250,-0.5961601,-0.32915717,-0.55038726,-0.17652537,-0.26757222,-0.046690278,0.9497529,0.251203,0.04974343,-0.5086963,-0.4788654,-0.56565607,-0.33832482,-0.07095816,0.16071492,0.47253639,0.14212023,0.4665059,0.21708076,0.24693576,-0.36104977,-0.54787743,-0.54034096,0.3713793,0.06471146,-0.3195912,0.64247066,-0.6640016,0.198718,0.32453406,-0.7887196,-1.0038621
251,-0.32826376,0.3547189,-0.73133737,-0.19315888,-0.064691976,0.2626604,0.82037395,0.3543866,0.15077426,-0.082082115,-0.0468696,0.23120901,-0.056978546,-0.40444532,0.66415775,-0.12632787,-0.06619777,0.23950592,0.8667142,-0.06363073,0.1697359,0.38790673,-0.8383731,0.66606224,0.41119635,-0.48234928,0.69039387,-0.4437137,0.7986197,-0.15543564,-1.5081803,-1.6294669
252,-0.42641988,-0.07830557,-0.5495183,-0.13378066,-0.15529884,0.026566109,0.84477943,0.2584222,0.042396575,-0.33054003,-0.33806542,-0.32753778,-0.233383,-0.17840311,0.21080847,0.25916666,0.094955534,0.34586826,0.32387334,0.17249323,-0.19828737,-0.28336146,-0.53757864,0.37241623,0.12727803,-0.32204938,0.5709471,-0.573563,0.34762204,0.15713477,-0.79602206,-1.0308522
253,-0.6950258,-0.5026806,-0.5881608,-0.22549036,-0.3348494,-0.07217291,0.98273295,0.24950369,0.034490958,-0.6135037,-0.5629061,-0.70691246,-0.4004729,0.012854055,0.14467612,0.61783606,0.1590522,0.54884964,0.18273215,0.2942714,-0.45370996,-0.67103577,-0.5685882,0.39392096,0.01583887,-0.3512177,0.72204405,-0.7530934,0.12506466,0.4010049,-0.8311067,-1.0014153
254,-0.3955714,0.3888512,-0.8259912,-0.24305707,-0.1212695,0.34587538,0.9528939,0.40782055,0.18010609,-0.09242041,-0.020542022,0.33466563,-0.04739131,-0.4366157,0.8214113,-0.18404603,-0.09779051,0.29179314,1.0319575,-0.093477696,0.20067269,0.49739668,-0.99581337,0.8099711,0.52730477,-0.5272465,0.79339653,-0.45727938,0.91866076,-0.20069742,-1.8579001,-1.9297464
255,-0.41836366,0.39598545,-0.8563709,-0.2574483,-0.14286517,0.3734442,1.0024283,0.42441627,0.18773985,-0.09893411,-0.015826909,0.36481673,-0.045349702,-0.44588187,0.868524,-0.19950262,-0.106324226,0.31018275,1.07839,-0.09950049,0.20567687,0.5252974,-1.0438663,0.854521,0.563666,-0.53879726,0.8265852,-0.46352226,0.9545902,-0.21201906,-1.9654934,-2.0242028
256,-0.44471312,0.38968894,-0.89804125,-0.28346154,-0.16484411,0.398003,1.0491776,0.4585022,0.19676925,-0.114479445,-0.02863696,0.3842962,-0.041440167,-0.45107505,0.917998,-0.20979339,-0.104958415,0.33727944,1.1431477,-0.10699274,0.21235135,0.55010843,-1.1153386,0.91202074,0.58577484,-0.5635671,0.8739324,-0.48548657,1.0010732,-0.2217727,-2.0921366,-2.1368177
257,-0.39893097,0.39134014,-0.82467115,-0.24057043,-0.12096543,0.3490406,0.9579205,0.4078017,0.18296994,-0.09380729,-0.01810215,0.33757246,-0.04912872,-0.43755385,0.8232442,-0.18413556,-0.09712131,0.29364336,1.0290216,-0.09241322,0.19964445,0.4930016,-0.99230695,0.80800754,0.5302525,-0.5247448,0.7895696,-0.45639572,0.9153842,-0.19908813,-1.8547823,-1.9290797
258,-0.39911166,0.39277405,-0.8268652,-0.242336,-0.12204201,0.35105956,0.95811445,0.40847507,0.18463264,-0.09240254,-0.015411712,0.3422691,-0.04758331,-0.43807778,0.82822925,-0.18638776,-0.09867582,0.29385716,1.034524,-0.09520948,0.20293202,0.49951038,-0.9959057,0.81205946,0.53295815,-0.5257408,0.79080933,-0.45527473,0.91876686,-0.20110124,-1.8632908,-1.9355893
259,-0.45836768,0.38800448,-0.91813844,-0.2937924,-0.17793827,0.41165885,1.0786663,0.47277716,0.19952878,-0.12247562,-0.034357466,0.3943136,-0.040590018,-0.45470285,0.9423962,-0.21515894,-0.10599069,0.3501807,1.1709142,-0.10802522,0.2127249,0.5599747,-1.1478516,0.93933123,0.6007578,-0.57304376,0.89801806,-0.49493924,1.0233186,-0.22648603,-2.1546633,-2.1932507
260,-0.38598466,0.39022714,-0.8043849,-0.22832063,-0.1097204,0.33520988,0.9341765,0.3941122,0.17862794,-0.08943216,-0.017119452,0.32271284,-0.05130662,-0.43310553,0.7957974,-0.1757145,-0.09421557,0.28193194,0.99561465,-0.08701688,0.19500257,0.47435597,-0.95740664,0.77864534,0.51368004,-0.5132177,0.76649517,-0.44940147,0.89114505,-0.19190207,-1.7866075,-1.8706867
261,-0.39362472,0.39127952,-0.8200002,-0.23916683,-0.117270775,0.34494364,0.946511,0.4045215,0.18309009,-0.090578,-0.016028209,0.3360274,-0.047693126,-0.43592188,0.8179086,-0.1831039,-0.09697756,0.28945476,1.024292,-0.094282165,0.20233116,0.49407265,-0.9849611,0.8021831,0.5248166,-0.5230073,0.7831044,-0.45351332,0.9108049,-0.19874844,-1.8390945,-1.9142191
262,-0.41296172,0.39054635,-0.8366063,-0.24379387,-0.13049065,0.3589893,0.98786336,0.41682473,0.18225421,-0.102981694,-0.025112782,0.3398474,-0.053377807,-0.44168106,0.83588904,-0.18590379,-0.096622646,0.3048532,1.040238,-0.086804464,0.19142365,0.48775283,-1.0112647,0.8225089,0.54318666,-0.5294905,0.8067449,-0.4647692,0.92667764,-0.19906828,-1.8939623,-1.9665445
263,-0.38791224,0.38958442,-0.81316304,-0.23612344,-0.11238942,0.33864102,0.9344291,0.40064606,0.18153793,-0.08871778,-0.016792133,0.32960176,-0.047669537,-0.43365386,0.8074284,-0.17970467,-0.09513946,0.2849748,1.014122,-0.0934546,0.20187694,0.4887494,-0.97405976,0.79228336,0.5163033,-0.5203483,0.7753498,-0.45181656,0.9028358,-0.19640514,-1.8145713,-1.8925285
264,0.6288542,-0.42945683,2.490677,-0.66935176,1.6244776,-2.134828,-1.8911834,-1.0227728,-0.64635086,-2.3056548,-0.7918783,-0.5650699,0.20816097,0.91928935,0.6484581,-0.5237047,0.13398097,-0.81042266,-0.63480157,2.5935602,-0.17744842,-0.29562625,0.38503706,-0.518722,-0.5619668,2.5575593,-0.91937745,2.9214768,-3.125863,-0.4831098,0.39321485,1.9284803
265,0.6288005,-0.4293882,2.4905143,-0.66931087,1.6243834,-2.1346643,-1.8910679,-1.0226943,-0.6462934,-2.3055053,-0.79181856,-0.56502825,0.20814058,0.91921544,0.6483915,-0.52367723,0.1340091,-0.81036615,-0.63476473,2.5933824,-0.17743957,-0.29560497,0.38500538,-0.5186978,-0.5619508,2.5573676,-0.91930765,2.9212701,-3.1256433,-0.48306233,0.39316082,1.9283496
266,0.6472672,-0.44911304,2.5414968,-0.68381315,1.656823,-2.1845348,-1.9301414,-1.0461648,-0.6615388,-2.3513458,-0.8090295,-0.5791045,0.21526584,0.9407097,0.66561234,-0.5332777,0.13038993,-0.8295185,-0.64642453,2.6474342,-0.1823554,-0.30052754,0.39294875,-0.5264702,-0.5676698,2.6156971,-0.9411962,2.9830246,-3.1911235,-0.49462485,0.40708637,1.9688834
267,0.6475599,-0.4494179,2.542292,-0.684045,1.6573355,-2.1853104,-1.9307559,-1.0465282,-0.6617706,-2.35206,-0.8092951,-0.57932574,0.21537879,0.9410416,0.66587335,-0.53342974,0.13034314,-0.8298206,-0.6466067,2.648274,-0.18243504,-0.30060247,0.39306897,-0.52659,-0.5677611,2.6166022,-0.94153816,2.9839833,-3.1921382,-0.4947976,0.4072981,1.9695158
